Name,Matches,Runs,Bat_Average
Aamer Hameed,2(1977-1978),0,N/A
Aamer Hanif,5(1993-1995),89,44.5
Aamer Malik,24(1988-1994),556,25.27
Aamer Yamin,4(2015-),95,95
Aamir Nazir,9(1993-1995),13,13
Aamir Sohail,156(1990-2000),4780,31.87
Aaqib Javed,163(1988-1998),267,10.68
Aarif Sheikh,6(2018-),94,18.8
Varun R Aaron,9(2011-2014),8,8
Josephat Ababu,9(1999-2006),29,9.67
Kyle J Abbott,28(2013-),76,8.44
Sean A Abbott,1(2014-2014),3,3
Abdul Jabbar,2(2007-2007),59,29.5
Abdul Qadir,104(1983-1993),641,15.26
Abdul Razzaq,265(1996-2011),5080,29.71
Abdul Rehman,1(2004-2004),1,1
Abdul Shakoor,3(2015-),54,18
Abdullah Mazari,2(2010-2010),3,3
Abdur Rauf,4(2008-2008),0,N/A
Abdur Razzak,153(2004-2014),779,13.67
Abdur Rehman,31(2006-2014),142,8.35
Syed Abid Ali,5(1974-1975),93,31
Shafiek Abrahams,1(2000-2000),16,N/A
Abu Hider,2(2018-),1,1
Abul Hasan,7(2012-),11,3.67
Andre R Adams,42(2001-2007),419,17.46
Christopher J Adams,5(1998-2000),71,17.75
James C Adams,127(1992-2001),2204,28.62
Paul R Adams,24(1996-2003),66,16.5
Adeel Raja,21(2002-2011),28,2.8
Adnan Akmal,5(2011-2012),62,20.67
Adnan Mufti,18(2017-),330,27.5
Afsar Zazai,17(2014-),264,17.6
Aftab Ahmed,85(2004-2010),1954,24.73
Aftab Alam,20(2010-),61,15.25
Afzaal Haider,4(2004-2008),22,7.33
Rageg G Aga,12(2004-2014),150,16.67
Ashton C Agar,9(2015-),144,20.57
Ajit B Agarkar,191(1998-2007),1269,14.59
Jonathan P Agnew,3(1985-1985),2,N/A
Franklyn S Ahangama,1(1985-1985),0,N/A
Khaleel Khursheed Ahmed,8(2018-),9,4.5
Ahmed Kamal,1(1999-1999),11,11
Ahmed Raza,25(2014-),232,12.89
Ahmed Shah,1(2009-2009),2,2
Ahmed Shehzad,81(2009-),2605,32.56
Ahsan Malik,12(2011-2014),14,N/A
Aijaz Ali,2(2004-2004),5,2.5
Dipendra Singh Airee,6(2018-),108,18
Aizaz Cheema,14(2011-2012),26,8.67
Aizaz Khan,19(2014-),260,20
Ajmal Shahzad,11(2010-2011),39,6.5
Akhtar Sarfraz,4(1997-1998),66,16.5
Akram Khan,44(1988-2003),976,23.24
Akram Raza,49(1989-1995),193,17.55
Al Sahariar Rokon,29(1999-2003),374,13.36
Alam Talukdar,2(1990-1990),7,N/A
Al-Amin Hossain,14(2014-2015),4,2
Alawi Shukri,1(2008-2008),1,1
Terence Michael Alderman,65(1981-1991),32,2.67
Graeme W Aldridge,2(2011-2011),0,N/A
Rohan P Alexander,2(2004-2004),34,17
Moeen Munir Ali,92(2014-),1645,26.11
Rajab W Ali,9(1996-1997),7,N/A
Ali Asad,2(2004-2004),21,21
Duncan I Allan,5(2011-2013),71,14.2
Fabian Anthony Allen,4(2018-),25,6.25
Mark W Alleyne,10(1999-2000),151,21.57
Michael J D Allingham,3(1999-1999),11,3.67
Geoffrey I Allott,31(1997-2000),17,3.4
Paul J W Allott,13(1982-1985),15,3.75
Alok Kapali,69(2002-2011),1235,19.6
Kaushik N Amalean,8(1986-1988),15,7.5
Mohammad Aman Ali,1(2008-2008),0,0
Mohinder Amarnath,85(1975-1989),1924,30.54
Surinder Amarnath,3(1978-1978),100,33.33
Sunil Walford Ambris,1(2017-),38,N/A
Curtly E L Ambrose,176(1988-2000),639,10.65
Timothy R Ambrose,5(2008-2008),10,2.5
Merenna K D I Amerasinghe,8(2007-2008),6,N/A
Charles J A Amini,6(2014-),121,24.2
Christopher R Amini,2(2014-2014),3,N/A
Aminul Islam,39(1988-2002),794,23.35
Aminul Islam Jnr,1(1999-1999),1,N/A
Amir Hamza,31(2012-),23,3.29
Amir Hayat,9(2018-),31,10.33
Dennis L Amiss,18(1972-1977),859,47.72
Amjad Ali,17(2008-2015),520,30.59
Amjad Javed,15(2008-),239,19.92
Hashim Mahomed Amla,174(2008-),7910,49.75
Praveen K Amre,37(1991-1994),513,20.52
Anamul Haque,37(2012-),1038,30.53
Corey J Anderson,49(2013-),1109,27.73
John Anderson,8(2014-),151,18.88
James M Anderson,194(2002-2015),273,7.58
Robert W Anderson,2(1976-1978),16,16
Joseph O Angara,17(1997-2003),23,3.83
Jo Angel,3(1994-1995),0,0
Anisur Rehman,2(1995-1998),2,1
Salil A Ankola,20(1989-1997),34,3.78
Ankur Vasishta,4(2014-2014),36,12
Zafar S Ansari,1(2015-2015),0,N/A
Anshuman Rath,18(2014-),828,51.75
Hamish A G Anthony,3(1995-1995),23,7.67
Sangarange D Anurasiri,45(1986-1994),62,10.33
Anwar Ali,22(2013-2016),321,29.18
Anwar Hossain,1(2002-2002),42,42
Anwar Hossain Monir,1(2002-2002),0,N/A
Gerald J A F Aponso,5(1996-1996),120,30
M Amila Aponso,9(2016-),10,3.33
Arafat Sunny,16(2014-2015),48,12
Ariful Haque,1(2018-),0,N/A
Geoffrey G Arnold,14(1972-1975),48,16
Russel P Arnold,180(1997-2007),3950,35.27
Kevin J Arnott,13(1987-1993),238,23.8
Arshad Ali,4(2004-2008),54,13.5
Arshad Ayub,32(1987-1990),116,11.6
Arshad Khan,58(1993-2006),133,12.09
Arshad Laeeq,6(1994-1996),101,20.2
Arshad Pervez,2(1978-1978),11,5.5
Keith L T Arthurton,105(1988-1999),1904,26.08
Bharathi Arun,4(1986-1987),21,10.5
Arun Lal,13(1982-1989),122,9.38
Asad Ali,4(2013-2013),13,6.5
Asad Shafiq,60(2010-),1336,24.74
Mohammad Asghar Afghan,96(2009-),1802,21.71
Asghar Ali,2(2004-2004),14,7
Ashfaq Ahmed,3(1994-1994),0,N/A
Ashfaq Ahmed,12(2018-),325,27.08
Ashraf Ali,16(1980-1985),69,17.25
Ravichandran Ashwin,111(2010-),675,16.07
Asif Ali,11(2018-),200,28.57
Asif Iqbal,10(1973-1979),330,55
Asif Iqbal,1(2015-2015),8,8
Asif Mahmood,2(1998-1998),14,7
Asif Masood,7(1973-1976),10,5
Mohammad Asif Mujtaba,66(1986-1996),1068,26.05
Asim Butt,5(1999-1999),23,5.75
Asim Saeed,2(2004-2004),12,6
Nathan J Astle,223(1995-2007),7090,34.93
Todd Duncan Astle,9(2017-),79,26.33
Marvan S Atapattu,268(1990-2007),8529,37.57
Ata-Ur-Rehman,30(1992-1996),34,4.86
Athar Ali Khan,19(1988-1998),532,29.56
Michael A Atherton,54(1990-1998),1791,35.12
Charles W J Athey,31(1980-1988),848,31.41
Atiq-Uz-Zaman,3(2000-2000),34,17
James J Atkinson,9(2008-),250,27.78
Ian D Austin,9(1998-1999),34,6.8
Richard A Austin,1(1978-1978),8,8
Kirtivardhan Azad,25(1980-1986),269,14.16
Azam Khan,6(1996-1998),116,23.2
Azeem Hafeez,15(1983-1985),45,15
Azhar Ali,53(2011-),1845,36.9
Azhar Hossain,7(1988-1990),96,13.71
Azhar Mahmood,143(1996-2007),1521,18.11
Azhar Saeed,7(1994-1996),61,8.71
Mohammad Azharuddin,334(1985-2000),9378,36.92
Azmat Rana,2(1978-1978),42,42
Babar Azam,59(2015-),2462,51.29
Babar Hayat,22(2014-),784,39.2
Sheik F A F Bacchus,29(1978-1983),612,26.61
Adam M Bacher,13(1997-2005),270,20.77
Hemang K Badani,40(2000-2004),867,33.35
Subramaniam Badrinath,7(2008-2011),79,15.8
Ashish Bagai,62(2003-2013),1964,37.06
Sairaj V Bahutule,8(1997-2003),23,7.67
Harvir S Baidwan,32(2008-2014),220,14.67
George John Bailey,90(2012-),3044,40.59
Mark D Bailey,1(1998-1998),0,N/A
Robert J Bailey,4(1985-1990),137,68.5
David L Bairstow,21(1979-1984),206,14.71
Jonathan M Bairstow,59(2011-),2118,46.04
Lionel S Baker,10(2008-2009),13,6.5
Paul-Jan Bakker,5(1996-1996),1,N/A
Showkat Baksh,1(1979-1979),0,0
Lakshmipathy Balaji,30(2002-2009),120,12
W Dorakanti Balaji Rao,10(2008-2011),59,7.38
Andrew Balbirnie,52(2010-),1248,27.13
Jacob T Ball,18(2016-),38,9.5
Gary S Ballance,16(2013-2015),297,21.21
C Malinga Bandara,31(2006-2010),160,12.31
Konara Mudiyanselage Chaminda Bandara,1(2016-),1,N/A
M R C Niroshan Bandarathilake,3(1998-1998),0,0
Subroto T Banerjee,6(1991-1992),49,24.5
Sanjay B Bangar,15(2002-2004),180,13.85
Omari A C Banks,5(2003-2005),83,16.6
Eldine A E Baptiste,43(1983-1990),184,15.33
Adrian B Barath,14(2010-2012),394,30.31
Graham D Barlow,6(1976-1977),149,29.8
Geoffrey E F  Barnett,22(2006-2010),455,20.68
Kim J Barnett,1(1988-1988),84,84
Wesley Barresi,30(2010-),866,34.64
Oronde Bascombe,6(2008-2008),65,10.83
Dwight M Basden,2(2007-2007),12,6
Basit Ali,50(1993-1996),1265,34.19
Trevin C Bastiampillai,13(2007-2014),184,14.15
Michael D Bates,2(2012-2012),13,13
Gareth J Batty,10(2002-2009),30,5
Indika P P Batuwitarachchi,2(2008-2008),14,7
Dogodo Bau,10(2016-),170,18.89
Sese Bau,16(2016-),315,19.69
Carlton S Baugh,47(2003-2012),482,20.08
Temba Bavuma,2(2016-),161,80.5
Bazid Khan,5(2004-2008),131,26.2
Graeme R Beard,2(1981-1981),0,N/A
Ronsford Rodwick Beaton,2(2017-),15,15
Atul C Bedade,13(1994-1994),158,22.57
Bishen S Bedi,10(1974-1979),31,6.2
Farhaan Behardien,59(2013-),1074,30.69
Jason Paul Behrendorff,3(2019-),1,N/A
Ian R Bell,161(2004-2015),5416,37.87
Matthew D Bell,7(1998-2001),133,19
Joseph E Benjamin,2(1994-1995),0,0
Kenneth C G Benjamin,26(1992-1996),65,10.83
Winston K M Benjamin,85(1986-1995),298,7.45
Dale M Benkenstein,23(1998-2002),305,17.94
Sulieman J Benn,47(2008-2016),182,7.91
Hamish K Bennett,16(2010-),10,5
Murray J Bennett,8(1984-1985),9,3
Mark R Benson,1(1986-1986),24,24
Andri R Berenger,10(2014-2015),205,20.5
David E Bernard,20(2003-2010),141,14.1
Richard D Berrington,70(2008-),1597,27.07
Carlisle A Best,24(1986-1992),473,24.89
Tino L Best,26(2004-2014),76,9.5
Michael G Bevan,232(1994-2004),6912,53.58
Amit Bhandari,2(2000-2004),0,N/A
Binod Bhandari,3(2019-2019),35,11.67
Lalit Singh Bhandari,1(2018-),4,N/A
Vijay R R Bhardwaj,10(1999-2002),136,27.2
Rustam A Bhatti,1(2011-2011),3,N/A
Umar Bhatti,36(2006-2010),378,17.18
Rajesh L Bhudia,5(2008-2009),122,24.4
Bhupinder Singh,2(1994-1994),6,6
Andrew John Bichel,67(1997-2004),471,20.48
Martin P Bicknell,7(1990-1991),96,24
Bilal Asif,3(2015-2015),40,13.33
Bilawal Bhatti,10(2013-2015),89,14.83
Ian S Billcliff,19(2003-2009),532,28
Samuel William Billings,15(2015-),271,22.58
Roger M H Binny,72(1980-1987),629,16.13
Stuart T R Binny,14(2014-2015),230,28.75
Devendra Bishoo,42(2011-),150,10
Glenn A Bishop,2(1987-1987),13,6.5
Ian R Bishop,84(1988-1997),405,16.2
Marlon I Black,5(2001-2001),4,2
Ian D Blackwell,34(2002-2006),403,14.93
Jermaine Blackwood,2(2015-2015),11,5.5
John A R Blain,33(1999-2009),284,14.95
Tony E Blain,38(1986-1994),442,16.37
Bruce R Blair,14(1982-1986),174,14.5
Donovan L Blake,1(2004-2004),0,0
Glenn Blakeney,2(2009-2009),72,36
Richard J Blakey,3(1992-1993),25,12.5
Gregory Scott Blewett,32(1995-1999),551,20.41
Arnoldus M Blignaut,54(1999-2010),626,18.97
Gulam H Bodi,2(2007-2007),83,41.5
Nico Boje,115(1995-2005),1414,26.68
Scott M Boland,14(2016-),9,3
Douglas E Bollinger,39(2009-2011),50,8.33
Shane E Bond,82(2002-2010),292,16.22
Stephen L Boock,14(1978-1987),30,15
David C Boon,181(1984-1995),5964,37.04
Ravinda S Bopara,120(2007-2015),2695,30.63
Delyone C Borden,12(2006-2008),98,14
Allan R Border,273(1979-1994),6524,30.63
Peter W Borren,58(2006-2014),1004,22.31
Scott G Borthwick,2(2011-2011),18,9
Tertius Bosch,2(1992-1992),0,N/A
Gopalkrishna Bose,1(1974-1974),13,13
Lungile L  Bosman,14(2006-2010),301,25.08
Jayawardene W H D Boteju,2(1999-1999),3,3
Andre C Botha,42(2006-2011),666,19.59
Johan Botha,78(2005-2012),609,19.03
Ian Terence Botham,116(1976-1992),2113,23.22
Mark V Boucher,295(1998-2011),4686,28.57
Trent Alexander Boult,79(2012-),144,9.6
Keith D Boyce,8(1973-1975),57,14.25
Geoffrey Boycott,36(1971-1981),1082,36.07
Brendon P Bracewell,1(1978-1978),0,N/A
Douglas A J Bracewell,19(2011-),158,15.8
John G Bracewell,53(1983-1990),512,16.52
Nathan W Bracken,116(2001-2009),198,11.65
Grant E Bradburn,11(1990-2001),60,8.57
Ian D R Bradshaw,62(2004-2007),287,12.48
David H Brain,23(1992-1995),117,8.36
Eddo A Brandes,59(1987-1999),404,13.03
Carlos Ricardo Brathwaite,33(2011-),389,14.41
Kraigg Clairmonte Brathwaite,10(2016-),278,27.8
Dwayne J J Bravo,164(2004-2014),2968,25.37
Darren M Bravo,102(2009-),2784,32
Jeremy P Bray,15(2006-2007),401,28.64
John M Brearley,25(1977-1980),510,24.29
Gary B Brent,70(1996-2008),408,12
Timothy T Bresnan,85(2006-2015),871,19.8
Gavin A Briant,5(1993-1993),39,13
Danny R Briggs,1(2012-2012),0,N/A
Raymond J Bright,11(1974-1986),66,16.5
James E Brinkley,5(1999-1999),52,10.4
Samuel A Britton,1(2009-2009),0,N/A
Brian C Broad,34(1987-1988),1361,40.03
Stuart C J  Broad,121(2006-2016),529,12.3
Neil Trevor Broom,39(2009-),943,26.94
Alistair D Brown,16(1996-2001),354,22.13
Darryl Brown,3(2001-2002),10,10
Douglas R Brown,25(1997-2007),319,17.72
Robin D Brown,7(1983-1987),110,15.71
Vaughan R Brown,3(1988-1988),44,14.67
Barrington S Browne,4(1994-1994),8,8
Courtney O Browne,46(1995-2005),415,17.29
Patrick A Browne,5(2008-2008),134,33.5
Dean Graham Brownlie,16(2012-),361,25.79
Glen K Bruk-Jackson,1(1993-1993),12,12
Henderson R Bryan,15(1999-1999),43,7.17
Rudi E Bryson,7(1997-1997),32,32
Dylan Evers Budge,1(2018-),11,11
Carl E Bulfin,4(1999-1999),9,9
Jasprit J Bumrah,45(2016-),11,2.75
Andries J Burger,6(2003-2003),199,33.17
Louis J Burger,6(2003-2003),11,2.2
Sarel F Burger,2(2003-2003),11,5.5
Mark G Burgess,26(1973-1981),336,16.8
Ryan Ponsonby Burl,13(2017-),139,15.44
Mark G Burmester,8(1992-1995),109,18.17
Joseph A Burns,6(2015-2015),146,24.33
Iain P Butchart,20(1983-1995),252,18
Alan R Butcher,1(1980-1980),14,14
Roland O Butcher,3(1980-1981),58,19.33
Deighton C Butler,5(2005-2006),25,25
Ian G Butler,26(2002-2010),84,10.5
K Hussain Butt,2(2008-2008),8,4
Joseph C Buttler,127(2012-),3387,40.81
Atse F Buurman,17(2007-2011),140,15.56
Andrew R Caddick,54(1993-2003),249,12.45
Bernard L Cairns,78(1974-1985),987,16.73
Christopher L Cairns,215(1991-2006),4950,29.46
David J Callaghan,29(1992-2000),493,25.95
Ian W Callen,5(1978-1982),6,6
Robert G Callender,2(1979-1979),0,0
Scott James Cameron,2(2018-),9,9
James Cameron-Dow,1(2019-2019),0,N/A
Alistair D R Campbell,188(1992-2003),5185,30.5
Gegory D Campbell,12(1989-1990),6,3
John Dillon Campbell,5(2019-),69,17.25
Ryan J Campbell,2(2002-2002),54,27
Sherwin L Campbell,90(1994-2001),2283,26.24
Lionel O B Cann,26(2006-2009),590,26.82
Tamahau K Canning,4(2003-2005),52,17.33
Peter E Cantrell,5(1996-1996),160,32
David J Capel,23(1987-1990),327,19.24
Michael A Carberry,6(2013-2014),114,19
Alex Tyson Carey,10(2018-),282,31.33
Stuart V Carlisle,111(1995-2005),2740,27.68
Philip H Carlson,4(1979-1979),11,5.5
Kenneth E D Carroll,6(2007-2007),70,11.67
Christopher Carter,11(2015-),114,12.67
Jonathan Lyndon Carter,28(2015-),524,22.78
Neil M Carter,3(2013-2013),0,0
Hilton W R Cartwright,2(2017-),2,1
James J Celestine,8(2007-2008),60,7.5
Yuzvendra S Chahal,40(2016-),34,11.33
Deepak Lokandersingh Chahar,1(2018-),12,12
Regis W Chakabva,34(2008-2015),454,15.13
Stuart J Chalmers,2(2009-2009),9,N/A
Pathira Vasan Dushmantha Chameera,23(2015-),92,13.14
Umagiliya D U Chandana,147(1994-2007),1627,17.31
Shivnarine Chanderpaul,268(1994-2011),8778,41.6
Lokuge Dinesh Chandimal,146(2010-),3599,32.42
Bhagwat S Chandrasekhar,1(1976-1976),11,N/A
Vakkadai B Chandrasekhar,7(1988-1990),88,12.57
Mark S Chapman,5(2015-),160,40
Christopher J D Chappell,3(1979-1979),38,12.67
Gregory S Chappell,74(1971-1983),2331,40.19
Ian M Chappell,16(1971-1980),673,48.07
Trevor M Chappell,20(1980-1983),229,17.62
Glen Chapple,1(2006-2006),14,14
Brian B Chari,10(2015-),131,13.1
Johnson Charles,48(2012-),1330,27.71
Peter K D Chase,25(2015-),35,3.5
Roston L Chase,11(2017-),117,14.63
Tendai Larry Chatara,62(2013-),159,6.63
Ewen J Chatfield,114(1979-1989),118,10.73
Sewnarine Chattergoon,18(2006-2009),370,24.67
Utpal Chatterjee,3(1995-1995),6,6
Chetandra P S Chauhan,7(1978-1981),153,21.86
Rajesh K Chauhan,35(1993-1997),132,10.15
Piyush Pramod Chawla,25(2007-2011),38,5.43
Manoj Cheruparambil,2(2004-2004),30,15
C Justice Chibhabha,103(2005-),2389,23.65
Elton Chigumbura,213(2004-),4340,25.23
Michael T Chinouya,2(2013-2013),6,6
Chirag Suri,8(2018-),138,17.25
Tendai S Chisoro,18(2015-),134,16.75
Nikhil Chopra,39(1998-2000),310,15.5
Daniel T Christian,19(2012-2014),273,21
Kyle Christie,1(2016-),0,0
Dipak N Chudasama,20(1996-1999),434,22.84
Desmond R Chumney,21(2003-2007),397,20.89
Stuart R Clark,39(2005-2009),69,13.8
Wayne M Clark,2(1978-1978),0,N/A
Michael J Clarke,245(2003-2015),7981,44.59
Nolan E Clarke,5(1996-1996),50,10
Rikki Clarke,20(2003-2006),144,11.08
Sylvester T Clarke,10(1978-1982),60,10
D Brian Close,3(1972-1972),49,16.33
Austin Codrington,9(2003-2007),47,5.88
George R Codrington,17(2006-2007),236,19.67
Kyle James Coetzer,50(2008-),1969,42.8
Freddie R J Coleman,16(2013-2015),211,15.07
David J Colley,1(1972-1972),0,N/A
Richard O Collinge,15(1973-1978),34,5.67
Paul D Collingwood,197(2001-2011),5092,35.36
Pedro T Collins,30(1999-2005),30,4.29
Corey D Collymore,84(1999-2007),104,5.78
Peter G Coman,3(1973-1974),62,20.67
Jeremy V Coney,88(1979-1987),1874,30.72
Bevan E Congdon,11(1973-1978),338,56.33
Peter Connell,13(2008-2010),40,20
Alan N Connolly,1(1971-1971),0,N/A
Alastair N Cook,92(2006-2014),3204,36.41
Geoffrey Cook,6(1981-1983),106,17.67
Nicholas G B Cook,3(1984-1989),0,N/A
Stephen J Cook,4(1991-1993),67,16.75
Benjamin N Cooper,6(2013-),116,29
Tom L W Cooper,23(2010-2013),976,48.8
Geoffrey A Cope,2(1977-1978),1,N/A
Dominic G Cork,32(1992-2002),180,10
Mark J Cosgrove,3(2006-2006),112,37.33
Garry J Cosier,9(1975-1979),154,30.8
Sheldon S Cottrell,10(2015-),14,7
Nathan M Coulter-Nile,23(2013-),148,13.45
Charles K Coventry,39(2003-2015),829,24.38
Norman G Cowans,23(1983-1985),13,2.6
Christopher S Cowdrey,3(1985-1985),51,25.5
Michael C Cowdrey,1(1971-1971),1,1
Royston T Crandon,1(2009-2009),5,5
John P Crawley,13(1994-1999),235,21.36
Alexander Graeme Cremer,96(2009-),744,14.59
Gary J Crocker,6(1992-1993),98,24.5
Fiqre S Crockwell,2(2009-2009),68,34
Colin E H Croft,19(1977-1981),18,9
Robert D B Croft,50(1996-2001),345,14.38
Wessel J Cronje,188(1992-2000),5565,38.65
Derek N Crookes,32(1994-2000),296,14.8
Matthew Henry Cross,43(2014-),865,22.76
Jeffrey J Crowe,75(1983-1990),1518,25.73
Martin D Crowe,143(1982-1995),4704,38.56
Cameron E Cuffy,41(1994-2002),62,4.43
Daniel J Cullen,5(2006-2006),2,N/A
Daryll J Cullinan,138(1993-2000),3860,32.99
Craig D Cumming,13(2003-2009),161,13.42
Anderson Cleophas Cummins,76(1991-2007),486,13.5
Miguel L Cummins,11(2014-),10,5
Patrick J Cummins,43(2011-),166,11.86
Kevin M Curran,11(1983-1987),287,26.09
Samuel Matthew Curran,2(2018-),17,8.5
Thomas Kevin Curran,13(2017-),71,23.67
Alex R Cusack,59(2007-2015),745,22.58
Benjamin C J Cutting,4(2013-2014),53,26.5
Keith M Dabengwa,37(2005-2010),514,19.04
Damodar Daesrath,4(2012-2013),95,31.67
Vijay Dahiya,19(2000-2001),216,16.62
Mahuru D Dai,18(2014-),453,28.31
Carl Junior Dala,2(2018-),8,8
Adam C Dale,30(1997-2000),78,19.5
Anil Dalpat,15(1984-1986),87,12.43
James W M Dalrymple,27(2006-2007),487,19.48
Mahamarakkala Kurukulasooriya Patabendige Akila Dananjaya,30(2012-),276,15.33
Wayne W Daniel,18(1978-1984),49,49
Warrick M Darling,18(1978-1982),363,21.35
Shiv S Das,4(2001-2002),39,13
Deep Dasgupta,5(2001-2001),51,17
Pubudu B Dassanayake,16(1993-1994),85,10.63
Joshua H Davey,29(2010-),471,22.43
Noel A David,4(1997-1997),9,N/A
Ramesh R David,4(2008-2010),82,27.33
Henry Davids,2(2013-2013),8,4
Alec G Davies,5(1999-1999),83,20.75
Sean G Davies,4(1996-1996),67,16.75
Steven M Davies,8(2009-2011),244,30.5
Heath Te-Ihi-O-Te-Ra Davis,11(1994-1997),13,6.5
Ian C Davis,3(1974-1977),12,6
Simon P Davis,39(1986-1988),20,5
Winston W Davis,35(1983-1988),28,14
John M Davison,32(2003-2011),799,26.63
Dawlat Ahmadzai,3(2009-2010),0,N/A
Dawlat Zadran,73(2011-),500,20.83
Jawad J Dawood,2(2009-2010),25,N/A
Alan C Dawson,19(1998-2004),69,23
Liam A Dawson,3(2016-),14,7
Ronald G De Alwis,31(1983-1988),401,21.11
Phillip A J De Freitas,103(1987-1997),690,16.05
Colin de Grandhomme,28(2012-),443,29.53
Richard P De Groen,12(1993-1994),12,2.4
Nicholas A De Groot,6(2003-2003),44,7.33
Tom N de Grooth,34(2006-2013),480,17.14
Quinton de Kock,101(2013-),4249,44.26
Con de Wet de Lange,13(2016-),123,20.5
Marchant de Lange,4(2012-2016),0,N/A
Bas de Leede,2(2018-),30,15
Timotheus B M de Leede,29(1996-2007),400,16.67
Ashantha L F De Mel,57(1982-1987),466,14.56
Samantha I De Saram,15(1999-2001),183,16.64
Ashley M de Silva,4(1986-1993),12,6
Deva L S De Silva,2(1979-1979),10,10
Dhananjaya Maduranga de Silva,28(2016-),593,26.95
Dandeniyage S De Silva,41(1975-1985),371,19.53
Ellawalakankanamage De Silva,28(1986-1992),138,9.86
Granville N De Silva,4(1983-1985),9,9
Ginigalgodage R A de Silva,6(1975-1982),9,4.5
Karunakalage S C de Silva,38(1996-2000),39,6.5
Pinnaduwage A de Silva,308(1984-2003),9284,34.9
Pinnaduwage Chaturanga de Silva,7(2014-),94,15.67
Pinnaduwage Wanidu Hasaranga de Silva,9(2017-),63,10.5
Sanjeewa K L de Silva,11(1997-1997),161,53.67
Abraham B de Villiers,228(2005-2018),9577,53.5
Petrus Stephanus De Villiers,83(1992-1997),170,8.1
Mark H Dekker,23(1992-1996),379,18.95
Joseph L Denly,9(2009-2009),268,29.78
Michael H Denness,12(1973-1975),264,29.33
Franklym A Dennis,3(1979-1979),47,15.67
Narsingh Deonarine,31(2005-2015),682,26.23
Jade W Dernbach,24(2011-2013),19,2.71
Jignesh H Desai,1(2004-2004),16,16
Parth A Desai,13(2010-2014),8,2.67
Anton P Devcich,12(2013-),195,17.73
Sunil Dhaniram,44(2006-2010),906,24.49
Rajindra Dhanraj,6(1994-1995),8,8
Pankaj Dharmani,1(1996-1996),8,8
Handunnettige Deepthi Priyantha Kumar Dharmasena,141(1994-2004),1222,22.63
Rishi Dhawan,3(2016-2016),12,12
Shikhar Dhawan,124(2010-),5178,44.64
Haninder S Dhillon,2(2006-2006),14,7
Dhiman Ghosh,14(2008-2008),126,14
Mahendra Singh Dhoni,339(2004-),10474,51.09
Michael J Di Venuto,9(1997-1997),241,26.78
Brendon J Diamanti,1(2009-2009),26,N/A
Roy L Dias,58(1979-1987),1573,31.46
Dickwella Patabendige Dilantha Niroshan Dickwella,49(2014-),1555,34.56
Wilfred P Diepeveen,1(2011-2011),6,6
Sameer S Dighe,23(2000-2001),256,23.27
Loku Hettige D Dilhara,9(2005-2013),83,9.22
Graham R Dilley,36(1979-1988),114,11.4
Merwyn V Dillon,108(1997-2005),227,7.32
Tillakaratne Mudiyanselage Dilshan,330(1999-2016),10290,39.27
Ashok B Dinda,13(2010-2013),21,4.2
Hendrik H Dippenaar,107(1999-2007),3421,42.23
George Henry Dockrell,79(2010-),473,16.89
Anthony I C Dodemaide,24(1988-1993),124,13.78
Xavier J Doherty,60(2010-2015),101,14.43
Dolar Mahmud,7(2008-2009),61,15.25
Basil L D'Oliveira,4(1971-1972),30,10
Allan A Donald,164(1991-2003),95,4.32
Brett R Dorey,4(2006-2006),2,2
Kiplin Dorriga,5(2017-),139,34.75
Dilip R Doshi,15(1980-1982),9,3
Chris R M Douglas,2(2008-2008),122,61
Mark W Douglas,6(1994-1995),55,9.17
Simon B Doull,42(1992-2000),172,12.29
Travis M Dowlin,11(2009-2010),228,25.33
Paul R Downton,28(1977-1988),242,16.13
Vasbert C Drakes,34(1995-2004),94,7.83
Rahul Dravid,344(1996-2011),10889,39.17
Christopher J Drum,5(1999-1999),9,N/A
Gordon D Drummond,30(2007-2013),240,18.46
Francois du Plessis,129(2011-),4827,45.54
Ben M Duckett,3(2016-),123,41
Kevin G Duers,6(1992-1992),7,7
Terrence Duffin,23(2006-2007),546,23.74
Peter Jeffrey Leroy Dujon,169(1981-1991),1945,23.15
Shaukat F Dukanwala,5(1996-1996),84,42
Jean-Paul Duminy,192(2004-),5016,37.16
Chamara I Dunusinghe,1(1995-1995),1,1
Hasan Durham,9(2006-2006),35,8.75
Nikhil Dutta,1(2013-2013),0,N/A
Gregory C Dyer,23(1986-1988),174,15.82
Nicholas R Dyer,5(1999-1999),3,3
Geoffrey Dymock,15(1974-1980),35,11.67
John Dyson,29(1980-1983),755,32.83
Philip S Eaglestone,1(2008-2008),4,4
Mark A Ealham,64(1996-2001),716,17.46
Dion D Ebrahim,82(2001-2005),1443,20.61
Bruce A Edgar,64(1978-1986),1814,30.75
Phillippe H Edmonds,29(1977-1987),116,10.55
Jekon Edness,11(2007-2008),252,28
John H Edrich,7(1971-1975),223,37.17
Fidel H Edwards,50(2003-2009),73,9.13
Graham N Edwards,6(1976-1981),138,23
Kirk A Edwards,16(2011-2014),331,23.64
Ross Edwards,9(1972-1975),255,36.43
Scott Andrew Edwards,2(2018-),27,13.5
Walter J Edwards,1(1975-1975),2,2
Ehsan Adil,6(2013-2015),27,9
Ehsan Khan,15(2016-),100,11.11
Ehsan Nawaz,12(2014-),30,5
Ehsanul Haque,6(2002-2003),57,9.5
Clive E Eksteen,6(1991-1994),6,N/A
Dean Elgar,8(2012-),104,17.33
Elias Sunny,4(2011-2012),2,1
Grant D Elliott,83(2008-2016),1976,34.07
Matthew T G Elliott,1(1997-1997),1,1
Andrew M Ellis,15(2012-2013),153,13.91
Richard M Ellison,14(1984-1986),86,10.75
Steven Elworthy,39(1998-2002),100,12.5
John E Emburey,61(1980-1993),501,14.31
Philip A Emery,1(1994-1994),11,N/A
Rayad R Emrit,2(2007-2007),13,13
Enamul Haque,10(2005-2009),12,3
Enamul Haque,29(1990-2002),236,11.24
Farokh M Engineer,5(1974-1975),114,38
Ranaweera Mudiyanselage Shaminda Eranga,19(2011-),34,11.33
Craig Richard Ervine,84(2010-),2176,31.09
Sean M Ervine,42(2001-2004),698,25.85
Jacob-Jan Esmeijer,6(2002-2003),10,2.5
Ebrahim A Essop-Adam,1(1992-1992),14,N/A
Alasdair C Evans,31(2009-),94,13.43
Craig Neil Evans,53(1992-2002),764,18.19
Gavin M Ewing,7(2004-2005),97,13.86
Fahad Alhashmi,5(2008-2015),0,0
Fahad Nawaz,2(2019-2019),2,1
Fahad Usman,2(2004-2004),9,4.5
Faheem Ashraf,18(2017-),104,11.56
Fahim Muntasir,3(2001-2002),6,3
Neil H Fairbrother,75(1987-1999),2092,39.47
Faisal Athar,1(2003-2003),9,9
Faisal Hossain,6(2004-2010),43,10.75
Faisal Iqbal,18(2000-2006),314,22.43
Fakhar Zaman,31(2017-),1442,53.41
Fareed Ahmad,5(2014-),1,N/A
Farhad Reza,34(2006-2011),412,16.48
Abdus S Faridi,3(2008-2008),19,9.5
Faruk Ahmed,7(1988-1999),105,15
James Peter Faulkner,69(2013-),1032,34.4
Fawad Ahmed,3(2013-2013),4,N/A
Fawad Alam,38(2007-2015),966,40.25
Fayyaz Ahmed,3(2014-),47,47
Faiz Yakub Fazal,1(2016-),55,N/A
Fazle Mahmud,2(2018-),0,0
Fazl-E-Akbar,2(1998-2001),7,7
Callum J Ferguson,30(2009-2011),663,41.44
Lachlan Hammond Ferguson,27(2016-),58,8.29
Nizel Fernandes,1(2008-2008),5,5
Asitha Madusanka Fernando,1(2017-),0,N/A
Congenige Randhi Dilhara Fernando,147(2001-2012),239,9.19
Edward R Fernando,3(1975-1975),47,15.67
Ellukutige R N S Fernando,7(1983-1983),101,20.2
Kandage H R K Fernando,7(2002-2006),43,21.5
Kandana A D M Fernando,1(2003-2003),0,N/A
Muthuthanthrige Vishwa Thilina Fernando,6(2017-),27,13.5
Thudellage C B Fernando,17(2001-2003),29,7.25
Thewarathantrige L Fernando,1(1989-1989),8,8
Ungamandadige N K Fernando,2(1994-1994),22,N/A
Weerahandige Inol Avishka Fernando,1(2016-),0,0
Aaron James Finch,100(2013-),3444,36.25
Shawn E Findlay,9(2008-2009),146,20.86
Steven Thomas Finn,69(2011-),136,8
Ryan Flannigan,1(2010-2010),0,0
Damien W Fleming,88(1994-2001),152,11.69
Matthew V Fleming,11(1997-1998),139,15.44
Stephen P Fleming,280(1994-2007),8037,32.41
Andre D S Fletcher,25(2008-),354,14.16
Duncan A G Fletcher,6(1983-1983),191,47.75
Keith W R Fletcher,24(1971-1982),757,39.84
Andrew Flintoff,141(1999-2009),3394,32.02
Andrew Flower,213(1992-2003),6786,35.34
Grant W Flower,221(1992-2010),6571,33.53
Daniel R Flynn,20(2008-2012),228,15.2
Christopher R Foggo,4(2008-2008),106,26.5
Peter J Forrest,15(2012-2012),368,26.29
James S Foster,11(2001-2002),41,13.67
Maurice L C Foster,2(1973-1973),25,25
Neil A Foster,48(1984-1989),150,11.54
Marthinus J Fourie,7(2007-2008),42,21
Graeme Fowler,26(1983-1986),744,31
James E C Franklin,110(2001-2013),1271,23.98
Trevor J Franklin,3(1983-1988),27,9
Paul J Franks,1(2000-2000),4,4
Frasat Ali,3(1975-1975),57,19
Angus R C Fraser,42(1989-1999),141,12.82
Roy C Fredericks,12(1973-1977),311,25.92
Alexander N French,2(2004-2004),24,12
Bruce N French,13(1985-1988),34,6.8
Travis J Friend,51(2000-2004),548,16.12
Peter G Fulton,49(2004-2009),1334,32.54
Richard S Gabriel,11(1984-1984),167,15.18
Shannon Terry Gabriel,18(2016-),21,3.5
Anshuman D Gaekwad,15(1975-1987),269,20.69
Indika S Gallage,3(1999-2001),17,17
Janak C Gamage,4(1995-1995),8,N/A
Panagamuwa Lahiru Sampath Gamage,9(2014-),4,2
Gautam Gambhir,147(2003-2013),5238,39.68
Devang J Gandhi,3(1999-2000),49,16.33
Withanaarchchige C A Ganegama,4(2001-2006),7,3.5
Doddanarasiah Ganesh,1(1997-1997),4,4
Darren Ganga,35(1999-2006),843,25.55
Sourav C Ganguly,311(1992-2007),11363,41.02
Hamish J W Gardiner,11(2013-2015),262,23.82
Joel Garner,98(1977-1987),238,9.15
Leon V Garrick,3(2001-2001),99,33
Trevor N Garwe,1(2009-2009),0,N/A
Michael William Gatting,92(1977-1993),2095,29.51
Shakti P Gauchan,1(2018-),9,N/A
Rohan S Gavaskar,11(2004-2004),151,18.88
Sunil M Gavaskar,108(1974-1987),3092,35.14
Willie T Gavera,4(2014-),4,N/A
Christopher H Gayle,289(1999-),10151,38.16
Gazi Ashraf,7(1986-1990),59,8.43
Brett Geeves,2(2008-2009),10,N/A
Lee K Germon,37(1994-1997),519,19.96
Rajinder S Ghai,6(1984-1986),1,1
Karsan D Ghavri,19(1975-1981),114,11.4
Gholam Nousher,9(1986-1990),8,8
Ghulam Ali,3(1993-1995),53,17.67
Ghulam Shabber,19(2017-),424,22.32
Treadwell Gibbons,2(2006-2006),33,16.5
Herschelle Herman Gibbs,248(1996-2010),8094,36.13
Lancelot Richard Gibbs,3(1973-1975),0,N/A
Ottis D Gibson,15(1995-1997),141,14.1
Norman Gifford,2(1985-1985),0,0
David R Gilbert,14(1986-1986),39,7.8
Adam C Gilchrist,287(1996-2008),9619,35.89
Ashley F Giles,62(1997-2005),385,17.5
Jason N Gillespie,97(1996-2005),289,12.57
Mark R Gillespie,32(2006-2009),93,15.5
Peter G Gillespie,5(2006-2007),2,0.5
Stuart R Gillespie,19(1986-1988),70,11.67
Gary J Gilmour,5(1974-1975),42,42
Golam Faruq,5(1986-1990),44,22
Hilary A Gomes,83(1978-1987),1415,28.88
Dhiren M Gondaria,2(2013-2013),7,3.5
Manpreet Gony,2(2008-2008),0,N/A
Graham A Gooch,125(1976-1995),4290,36.98
Murray W Goodwin,71(1998-2000),1818,27.13
Yohan Goonasekera,3(1983-1983),69,23
Frederick R M D Goonatillake,1(1979-1979),0,N/A
Hettiarachige M Goonatillake,6(1982-1982),31,31
Jeremy O A G Gordon,5(2012-2014),7,3.5
Tyson G Gordon,5(2011-2011),27,5.4
Gordon Goudie,16(2008-2013),80,10
Darren Gough,159(1994-2006),609,12.43
Eric Gouka,3(1996-1996),19,19
Ian J Gould,18(1983-1983),155,12.92
David I Gower,114(1978-1991),3170,30.78
Shaun F Graf,11(1980-1981),24,4
Victor Grandia,1(2002-2002),0,0
Anthony H Gray,25(1985-1991),51,8.5
Evan J Gray,10(1984-1988),98,16.33
Adrian P Grayson,2(2000-2001),6,3
Mark J Greatbatch,84(1988-1996),2206,28.28
Alvin E Greenidge,1(1978-1978),23,23
Cuthbert Gordon Greenidge,128(1975-1991),5134,45.04
Anthony W Greig,22(1972-1977),269,16.81
Adrian F G Griffith,9(1996-2000),99,14.14
Trevor R Gripper,8(2001-2003),80,10
Timothy J G  Gruitjers,5(2010-2013),68,22.67
Runish D Gudhka,2(2011-2011),17,17
Gulbadin Naib,51(2011-),806,23.03
Downdegedara Asela Sampath Gunaratne,31(2016-),575,27.38
Pulasthi W Gunaratne,23(2002-2003),36,7.2
Ruvindu Gunasekera,19(2008-2014),455,23.95
Mashtayage Danushka Gunathilaka,36(2015-),1102,32.41
Aruna A W Gunawardene,1(1994-1994),2,2
Dihan Avishka Gunawardene,61(1998-2006),1708,28.47
Sandeep K Gupta,10(1996-2001),121,13.44
Martin J Guptill,169(2009-),6440,43.51
Gurdeep Singh,1(2013-2013),1,1
Gurkeerat Singh,3(2016-2016),13,6.5
Harry F Gurney,10(2014-2014),15,7.5
Gursharan Singh,1(1990-1990),4,4
Asanka Manjula Guruge,7(2014-2015),16,N/A
Asanka Pradeep Gurusinha,147(1985-1996),3902,28.28
Haafiz Shahid,3(1988-1988),11,11
Habibul Bashar,111(1995-2007),2168,21.68
Bradley James Haddin,126(2001-2015),3122,31.54
Barry G Hadlee,2(1975-1975),26,26
Dayle R Hadlee,11(1973-1976),40,8
Richard John Hadlee,115(1973-1990),1751,21.62
Hafizur Rahman,2(1986-1986),8,8
Ryan S Haire,2(2008-2008),56,28
Oli J Hairs,5(2010-2010),68,13.6
Alexander D Hales,70(2014-),2419,37.8
Andrew J Hall,88(1999-2007),905,21.05
James D Hall,3(2010-2010),28,9.33
Hamid Hassan,32(2009-),92,7.08
Gavin M Hamilton,38(1999-2010),1231,35.17
Lance J Hamilton,2(2005-2005),3,N/A
Hammad Azam,11(2011-2015),80,16
Jeffrey R Hammond,1(1972-1972),15,N/A
John H Hampshire,3(1971-1972),48,24
Hamza Tariq,7(2011-2014),116,16.57
Peter Stephen Patrick Handscomb,12(2017-),319,29
Hannan Sarkar,20(2002-2004),383,19.15
Amarbir S Hansra,24(2010-2014),421,23.39
Rana M Haq,54(2006-2015),566,16.65
Harbhajan Singh,236(1998-2015),1237,13.3
Harilal Shah,3(1975-1975),6,2
Haris Sohail,26(2013-),960,43.64
Stephen J Harmison,58(2002-2009),91,8.27
Haroon Rashid,12(1977-1982),166,20.75
Roger A Harper,105(1983-1996),855,16.13
Chris Zinzan Harris,250(1990-2004),4379,29
Joseph V Harris,6(2003-2003),91,15.17
Paul L Harris,3(2008-2008),0,N/A
Ryan James Harris,21(2009-2012),48,8
Matthew N Hart,13(1994-2002),61,7.63
Robert G Hart,2(2002-2002),0,0
Ronald T Hart,1(1985-1985),3,3
Blair R Hartland,16(1992-1994),311,20.73
Harun-Ur-Rashid,2(1988-1988),0,0
Ian J Harvey,73(1997-2004),715,17.88
Harvinder Singh,16(1997-2001),6,1.5
Shane M Harwood,1(2009-2009),0,0
Hasan Ali,44(2016-),203,12.69
Hasan Jamil,6(1977-1978),111,22.2
Hasan Raza,16(1996-1999),242,18.62
Haseeb Amjad,7(2014-2016),112,22.4
Hashmatullah Shahidi,27(2013-),736,33.45
Hasibul Hussain,32(1995-2004),172,8.6
Mark J Haslam,1(1992-1992),9,9
Hasti Gul,2(2009-2009),23,N/A
Brian F Hastings,11(1973-1975),151,18.88
John W Hastings,29(2010-),271,27.1
Upul Chandika Hathurusingha,35(1992-1999),669,20.91
Nathan M Hauritz,58(2002-2011),336,22.4
Matthew L Hayden,161(1993-2008),6133,43.81
Frank C Hayes,6(1973-1975),128,25.6
Roydon L Hayes,1(1995-1995),13,13
Desmond L Haynes,238(1978-1994),8648,41.38
Robert C Haynes,8(1989-1991),26,5.2
Mornantau Hayward,21(1998-2002),12,3
Josh Reginald Hazlewood,44(2010-),37,18.5
Hazratullah Zazai,4(2018-),107,26.75
Travis M Head,42(2016-),1273,34.41
Dean W Headley,13(1996-1999),22,11
Ronald G A Headley,1(1973-1973),19,19
Ian A Healy,168(1988-1997),1764,21
Stewart P Heaney,4(2006-2006),41,10.25
Samuel Daly Heazlett,1(2017-),4,4
Thomas J Heggelman,5(2010-2011),27,5.4
Edward E Hemmings,33(1982-1991),30,5
David L Hemp,22(2006-2009),641,33.74
Chandrapaul Hemraj,6(2018-),82,13.67
Claude W Henderson,4(2001-2001),0,N/A
Michael Hendrick,22(1973-1981),6,1.2
Beuran E Hendricks,2(2019-2019),2,N/A
Reeza R Hendricks,14(2018-),397,30.54
Moises C Henriques,11(2009-),81,9
Cornelius C Henry,2(1979-1979),6,6
Matthew J Henry,43(2014-),193,19.3
Omar Henry,3(1992-1992),20,10
Herath Mudiyanselage Rangana Keerthi Bandara Herath,71(2004-2015),140,9.33
Jack G Heron,6(1983-1983),50,8.33
Shimron Odilon Hetmeyer,25(2017-),899,40.86
Peter D Heyn,2(1975-1975),3,1.5
Graeme A Hick,120(1991-2001),3846,37.34
Ryan S Higgins,11(2006-2006),15,2.5
Andrew M J Hilditch,8(1979-1985),226,28.25
Benjamin William Hilfenhaus,25(2007-2012),29,9.67
Ryan O Hinds,14(2001-2004),101,16.83
Wavell W Hinds,119(1999-2010),2880,28.51
Hiri Hiri,3(2016-),26,13
Narendra D Hirwani,18(1988-1992),8,2
Paul A Hitchcock,14(2002-2008),41,10.25
Bradley J Hodge,25(2005-2007),575,30.26
Kyle C Hodsoll,3(2007-2008),2,2
Paul J C  Hoffmann,18(2006-2007),85,7.73
Thomas G Hogan,16(1983-1984),72,9
George B Hogg,123(1996-2008),790,20.26
Rodney M Hogg,71(1979-1985),137,9.13
Vincent R Hogg,2(1983-1983),7,N/A
Matthew J Hoggard,26(2001-2006),17,4.25
Jason Omar Holder,90(2013-),1471,26.27
Roland I C Holder,37(1993-1997),599,23.96
Vanburn A Holder,12(1973-1978),64,12.8
Michael A Holding,102(1976-1987),282,9.1
Robert G Holland,2(1985-1985),0,N/A
Adam J Hollioake,35(1996-1999),606,25.25
Ben C Hollioake,20(1997-2002),309,20.6
Delano W Hollis,1(2008-2008),15,N/A
Douglas T Hondo,56(2001-2005),127,7.47
David W Hookes,39(1977-1986),826,24.29
Calvert K Hooper,5(2007-2010),49,16.33
Carl L Hooper,227(1987-2003),5761,35.34
Kyle Antonio Hope,7(2017-),138,23
Shai Diego Hope,49(2016-),1777,45.56
James R Hopes,84(2005-2010),1326,25.02
Gareth J Hopkins,25(2004-2010),236,14.75
Matthew J Horne,50(1997-2002),980,20.42
Philip A Horne,4(1987-1987),50,12.5
David L Houghton,63(1983-1997),1530,26.38
Jamie M How,41(2005-2011),1046,29.06
Geoffrey Philip Howarth,70(1975-1985),1384,23.07
Hedley J Howarth,9(1973-1975),18,6
Llorne G Howell,12(1998-1998),287,23.92
Adam G Huckle,19(1997-1999),9,2.25
Andrew C Hudson,89(1991-1997),2559,29.41
Kimberley John Hughes,97(1977-1985),1968,24
Mervyn Gregory Hughes,33(1988-1993),100,11.11
Phillip Joel Hughes,25(2013-2014),826,35.91
Humayun Farhat,5(2001-2001),60,20
Geoffrey W Humpage,3(1981-1981),11,5.5
Kevin A D Hurdle,19(2006-2007),85,10.63
Ryan O Hurley,9(2003-2004),13,3.25
Alan G Hurst,8(1975-1979),7,N/A
Nasser Hussain,88(1989-2003),2332,30.29
Rana Omer Hussain,8(2006-2010),63,9
Hussain Talat,1(2019-2019),2,2
David J Hussey,69(2008-2013),1796,32.65
Michael E K Hussey,185(2004-2012),5442,48.16
Danza P Hyatt,9(2011-2011),112,14
Nicholas Ifill,4(2003-2006),16,5.33
Iftikhar Ahmed,2(2015-2015),8,4
Iftikhar Anjum,62(2004-2010),234,15.6
Alan P Igglesden,4(1994-1994),20,10
Ihsanullah Janat,16(2017-),307,21.93
Ijaz Ahmed,2(1997-1997),3,N/A
Ijaz Ahmed,250(1986-2000),6564,32.33
Ijaz Faqih,27(1980-1988),197,12.31
Ikram Ali Khil,1(2019-2019),5,N/A
Raymond Illingworth,3(1971-1973),5,2.5
Richard K Illingworth,25(1991-1996),68,11.33
Ilyas Gul,2(2004-2004),17,8.5
Imad Wasim,36(2015-),570,43.85
Imam-ul-Haq,21(2017-),1090,60.56
Imran Abbas,2(2000-2000),29,14.5
Imran Farhat,58(2001-2013),1719,30.7
Imran Haider,16(2017-),44,11
Imran Khan,175(1974-1992),3709,33.41
Imran Nazir,79(1999-2009),1895,24.61
Mohammad Imran Tahir,94(2011-),145,8.06
Imrul Kayes,78(2008-),2434,32.03
Imtiaz Abbasi,7(1994-1996),12,6
Colin A Ingram,31(2010-2013),843,32.42
Peter J Ingram,8(2010-2010),193,27.57
Intikhab Alam,4(1973-1976),17,8.5
Inzamam-ul-Haq,378(1991-2007),11739,39.53
Moneeb M Iqbal,13(2009-2014),192,24
Tariq Iqbal,3(1996-1996),17,8.5
Mohammad Iqbal Qasim,15(1977-1988),39,6.5
Iqbal Sikander,4(1992-1992),1,N/A
Ronald C Irani,31(1996-2003),360,14.4
Anthony J Ireland,26(2005-2007),30,3.75
Irfan Ahmed,6(2008-2014),99,16.5
Irfan Bhatti,1(1993-1993),0,N/A
Irfan Fazil,1(2000-2000),15,15
Irfan Sajid,1(2014-2014),2,2
Ishtiaq Muhammad,1(2016-2016),0,N/A
Shreyas S Iyer,6(2017-),210,42
Izatullah Dawlatzai,5(2010-2015),7,3.5
Steven D Jack,2(1994-1995),7,3.5
Robin D Jackman,15(1974-1983),54,6.75
Ridley D Jacobs,147(1996-2004),1865,23.31
Ajaysinhji Jadeja,196(1992-2000),5359,37.48
Ravindrasinh Anirudhsinh Jadeja,148(2009-),1990,30.62
Kedar M Jadhav,55(2014-),1083,47.09
Wasim Jaffer,2(2006-2006),10,5
Jahangir Alam,3(1997-1999),4,1.33
Jahangir Shah,5(1986-1990),16,8
Jahurul Islam,14(2010-2013),270,22.5
Jalaluddin,8(1982-1983),5,2.5
Jamaluddin Ahmed,1(2003-2003),18,N/A
Wayne Robert James,11(1992-1996),101,14.43
John A Jameson,3(1973-1975),60,20
Floris Jansen,2(1996-1996),0,N/A
Philip A Jaques,6(2006-2007),125,20.83
Kyle M Jarvis,40(2009-),153,7.29
Malcolm P Jarvis,12(1987-1995),37,18.5
Paul W Jarvis,16(1988-1993),31,5.17
Javed Ahmadi,41(2010-),947,24.92
Javed Miandad,233(1975-1996),7381,41.7
Javed Omar,59(1995-2007),1312,23.85
Javed Qadeer,1(1995-1995),12,12
Jawahir Shah,3(1975-1975),46,15.33
W Saman Jayantha,17(2004-2004),400,26.67
Pradeep S Jayaprakashdaran,1(2005-2005),0,N/A
Rohan S A Jayasekera,2(1982-1982),17,17
Sunil A Jayasinghe,2(1979-1979),1,1
Gampalage Shehan Naveendra De Fonseka Gunawarna Jayasuriya,9(2015-),83,13.83
Neketh Gedara Roshan Prabath Jayasuriya,2(2018-),11,11
Sanath Teran Jayasuriya,445(1989-2011),13430,32.36
Denagamage Proboth Mahela de Silva Jayawardene,448(1998-2015),12650,33.38
Hewasandatchige Asiri Prasanna Wishvanath Jayawardene,6(2003-2007),27,5.4
Sridharan Jeganathan,5(1983-1988),25,8.33
Terrence J Jenner,1(1975-1975),12,12
Kerry C B Jeremy,6(2000-2001),17,8.5
Trevor E Jesty,10(1983-1983),127,21.17
Karun Jethi,3(2008-2008),87,43.5
Joginder Sharma,4(2004-2007),35,35
Vinothen Bede John,45(1982-1987),84,9.33
Howard R Johnson,2(2004-2004),9,9
Leon R Johnson,6(2008-2015),98,16.33
Mitchell G Johnson,153(2005-2015),951,16.12
Mark R Johnson,2(2004-2004),20,10
Neil C Johnson,48(1998-2000),1679,36.5
Richard L Johnson,10(2003-2003),16,5.33
David Trent Johnston,67(2006-2013),743,19.55
Andrew H Jones,87(1987-1995),2784,35.69
Dean M Jones,164(1984-1994),6068,44.62
Geraint O Jones,51(2004-2014),862,24.63
Michael Alexander Jones,5(2018-),194,38.8
Malachi O Jones,12(2006-2007),113,11.3
Nigel G Jones,14(2010-2011),74,14.8
Richard A Jones,5(2003-2003),168,33.6
Simon P Jones,8(2004-2005),1,1
Luke M Jongwe,22(2014-2016),232,15.47
Christiaan Jonker,2(2018-),31,15.5
Mark B S Jonkman,15(2006-2010),43,10.75
Maurits M A Jonkman,5(2007-2010),36,12
Sundeep Jora,1(2019-),19,19
Christopher J Jordan,31(2013-),169,12.07
Alzarri S Joseph,16(2016-),101,33.67
Davis Joseph,4(2003-2003),13,N/A
Sylvester C Joseph,13(2000-2005),161,16.1
Sunil B Joshi,69(1996-2001),584,17.18
Dominick I Joyce,3(2006-2007),29,9.67
Edmund Christopher Joyce,78(2006-),2622,38
Jubair Hossain,3(2014-2015),5,5
Brendon P Julian,25(1993-1999),224,13.18
Bernard D Julien,12(1973-1977),86,14.33
Junaid Khan,71(2011-),63,4.85
Junaid Siddique,54(2007-2011),1196,23
Junaid Siddiqui,9(2011-2014),67,13.4
Junaid Zia,4(2003-2003),2,2
Sandeep Jyoti,14(2006-2010),264,22
Kabir Ali,14(2003-2006),93,15.5
Kabir Khan,10(1994-2000),10,10
Roy Kaia,1(2015-2015),0,N/A
Mohammad Kaif,125(2002-2006),2753,32.01
Abhijit V Kale,1(2003-2003),10,10
Alvin I Kallicharran,31(1973-1981),826,34.42
Jacques H Kallis,328(1996-2014),11579,44.36
Ruwan S Kalpage,86(1992-1999),844,20.59
Lalith W Kaluperuma,4(1975-1982),33,N/A
Sanath M S Kaluperuma,2(1988-1988),11,5.5
Romesh S Kaluwitharana,189(1990-2004),3711,22.22
James K Kamande,86(1999-2011),1055,17.3
Vinod G Kambli,104(1991-2000),2477,32.59
Kamran Akmal,157(2002-2017),3236,26.1
Kamran Hussain,2(2008-2008),28,N/A
Kamran Shahzad,4(2014-2015),22,11
Tafadzwa Kamungozi,14(2006-2015),27,5.4
Tinashe Stephen Kamunhukamwe,2(2018-),37,18.5
Kenneth Kamyuka,2(2013-2013),2,2
Sahan Hewa Thilina Kandamby,39(2004-2014),870,29
Arvindah L Kandappah,2(2007-2007),97,97
Danish Kaneria,18(2001-2007),12,6
Rohan B Kanhai,7(1973-1975),164,54.67
Hrishikesh H Kanitkar,34(1997-2000),339,17.84
Kapil Dev,225(1978-1994),3783,23.79
Aashish R Kapoor,17(1995-2000),43,7.17
Chamara Kantha Kapugedera,102(2006-),1624,21.09
Karan Khatri Chhetri,5(2018-),21,5.25
Morne Karg,3(2003-2003),45,22.5
Aasif Y Karim,34(1996-2003),228,12.67
Irfan A Karim,9(2011-2014),396,44
Saba Karim,34(1997-2000),362,15.74
Karim Janat,1(2017-),9,9
Karim Sadiq,24(2009-2016),475,23.75
Shaul H U Karnain,19(1984-1990),229,19.08
Krishnakumar Dinesh Karthik,91(2004-),1738,31.04
Murali Kartik,37(2002-2007),126,14
Frank Dimuth Madushanka Karunaratne,17(2011-2015),190,15.83
Kashif Raza,1(2001-2001),2,N/A
Michael S Kasprowicz,43(1995-2005),74,18.5
Friday Kasteni,3(2007-2007),18,6
Eion Katchay,5(2008-2009),23,11.5
Simon M Katich,45(2001-2006),1324,35.78
Siddarth Kaul,3(2018-),1,0.5
Paskuwal Handi Tharindu Kaushal,1(2015-2015),0,0
Stefan K W Kelly,10(2006-2009),14,N/A
Justin M Kemp,85(2001-2007),1512,31.5
Robert J Kennedy,7(1996-1996),17,17
John C Kent,2(2002-2002),0,N/A
Martin F Kent,5(1981-1981),78,19.5
Robert B Kerr,4(1985-1985),97,32.33
Alexei N Kervezee,39(2006-2012),924,28
Shaheed Keshvani,5(2009-2009),21,10.5
Daniel Keulder,6(2003-2003),132,22
Robert W T Key,5(2003-2004),54,10.8
Paras Khadka,6(2018-),235,39.17
Subash Prasad Khakurel,2(2018-),69,34.5
Khaled Mahmud,77(1998-2006),991,14.36
Khaled Mashud,126(1995-2006),1818,21.9
Khalid Khan,2(2004-2004),5,2.5
Khalid Latif,5(2008-2010),147,29.4
Khaliq Dad,6(2009-2010),40,13.33
Zaheer Khan,200(2000-2012),792,12
Surinder C Khanna,10(1979-1984),176,22
Usman T Khawaja,22(2013-),633,33.32
Gagan K Khoda,2(1998-1998),115,57.5
Amay R Khurasiya,12(1999-2001),149,13.55
Khurram Chohan,25(2009-2014),165,13.75
Khurram Khan,16(2004-2015),582,41.57
Khurram Manzoor,7(2008-2009),236,33.71
Gary E Kidd,6(2007-2008),15,15
Craig Kieswetter,46(2010-2013),1054,30.11
Jason Kila,2(2018-),34,17
Collis L King,18(1976-1980),280,23.33
Reon D King,50(1998-2005),65,7.22
Vivian J Kingma,1(2014-2014),0,N/A
Syed M H Kirmani,49(1976-1986),373,20.72
Gary Kirsten,185(1993-2003),6798,40.95
Peter N Kirsten,40(1991-1994),1293,38.03
Robert J Kirtley,11(2001-2004),2,1
Heinrich Klaasen,14(2018-),251,22.82
Frederick Jack Klaassen,2(2018-),24,12
Rory K Kleinveldt,10(2013-2013),105,15
Jan F Kloppenburg,6(2002-2003),165,27.5
Lance Klusener,171(1996-2004),3576,41.1
Nicholas V Knight,100(1996-2003),3637,40.41
Alan P E Knott,20(1971-1977),200,20
Louis J Koen,5(1997-2000),82,16.4
Virat Kohli,223(2008-),10577,59.42
Bjorn L Kotze,5(2003-2003),27,9
Deon B Kotze,6(2003-2003),82,16.4
Jason J Krejza,8(2011-2011),13,13
Krishna Chandran,12(2014-),134,16.75
Pallemoni Krishnamurthy,1(1976-1976),6,6
Bradley P Kruger,5(2010-2011),32,10.67
Courtney K Kruger,2(2008-2008),3,1.5
Garnett J-P Kruger,3(2006-2006),0,0
Neil Kruger,2(2011-2011),39,19.5
Christopher M Kuggeleijn,16(1988-1989),142,15.78
Scott Christopher Kuggeleijn,2(2017-),11,N/A
Adrian P Kuiper,25(1991-1996),539,33.69
Chamith K B Kulasekara,4(2011-2012),38,12.67
Kulasekara Mudiyanselage Dinesh Nuwan Kulasekara,184(2003-),1327,15.43
Kuldeep Yadav,40(2017-),78,15.6
Dhawal S Kulkarni,12(2014-),27,N/A
Nilesh M Kulkarni,10(1997-1998),11,5.5
Rajiv R Kulkarni,10(1983-1987),33,16.5
Bhuvneshwar Kumar,103(2012-),476,14.88
Nitish R Kumar,16(2010-2014),217,15.5
Praveenkumar Sakat Singh,68(2007-2012),292,13.9
Chandradasa Brahammana Ralalage Lahiru Sudesh Kumara,8(2017-),16,8
Thirunavukkar A S U Kumaran,8(1999-2000),19,6.33
Anil  Kumble,271(1990-2007),938,10.54
Don S B P Kuruppu,54(1983-1990),1022,20.04
Abey Kuruvilla,25(1997-1997),26,3.71
Kwame Tucker,12(2006-2007),95,9.5
Graeme F Labrooy,44(1986-1992),249,8.59
Bruce M Laird,23(1979-1982),594,29.7
Ranasinghe Arachchige Suranga Lakmal,81(2009-),205,8.2
Materba K G C P Lakshitha,7(2002-2003),7,7
S B Lama,1(2004-2004),16,N/A
Allan J Lamb,122(1982-1992),4010,39.31
Gregory A Lamb,15(2010-2011),197,17.91
Raman Lamba,32(1986-1989),783,27
Clayton B Lambert,12(1990-2004),407,33.92
Sandeep Lamichhane,6(2018-),40,10
John P R Lamsam,2(2004-2008),24,12
Justin L Langer,8(1994-1997),160,32
Charl K Langeveldt,72(2001-2010),73,6.64
Dave Langford-Smith,22(2006-2008),142,15.78
Brian C Lara,299(1990-2007),10405,40.49
Wayne Larkins,25(1979-1991),591,24.63
Gavin Rolf Larsen,121(1990-1999),629,14.63
Rodney T Latham,33(1990-1994),583,20.1
Thomas William Maxwell Latham,85(2012-),2395,33.73
Ben Laughlin,5(2009-2009),1,N/A
Trevor J Laughlin,6(1978-1979),105,26.25
Stuart G Law,54(1994-1999),1237,26.89
David V Lawrence,1(1991-1991),0,N/A
William M Lawry,1(1971-1971),27,27
Geoffrey Francis Lawson,79(1980-1989),378,11.12
Jermaine J C Lawson,13(2001-2005),18,6
Vangipurappu Venkata Sai Laxman,86(1998-2006),2338,30.76
Michael A Leask,30(2014-),435,24.17
Brett Lee,221(2000-2012),1176,17.82
Shane Lee,45(1995-2001),477,17.67
Warren K Lees,31(1979-1983),215,11.32
Roland P Lefebvre,11(1996-2003),171,28.5
Darren S Lehmann,117(1996-2005),3078,38.96
John K Lever,22(1976-1982),56,8
Peter Lever,10(1971-1975),17,17
Russell D M Leverock,32(2006-2009),112,11.2
Clairmonte C Lewis,53(1990-1998),374,14.38
Evin Lewis,35(2016-),1010,32.58
Johnathan Lewis,13(2005-2007),50,8.33
Michael L  Lewis,7(2005-2006),4,N/A
Rawl N Lewis,28(1997-2009),291,18.19
Liaqat Ali,3(1977-1978),7,7
Gerhardus F J Liebenberg,4(1995-1998),94,23.5
Dennis K Lillee,63(1972-1983),240,9.23
Liton Das,27(2015-),508,19.54
Dulip K Liyanage,16(1992-2001),144,16
Clive H Lloyd,87(1973-1985),1977,39.54
David Lloyd,8(1973-1980),285,40.71
Graham D Lloyd,6(1996-1998),39,9.75
Timothy A Lloyd,3(1984-1984),101,33.67
Alan C I Lock,8(1996-1996),8,8
Douglas R Lockhart,14(2006-2010),218,24.22
Augustine L Logie,158(1981-1993),2809,28.96
Kaushal S Lokuarachchi,21(2003-2007),210,14
Christopher H Lonsdale,1(2007-2007),4,4
Bernard P Loots,7(2010-2011),16,5.33
Alexander G R Loudon,1(2006-2006),0,0
Johann Louw,3(2008-2008),23,23
Jan L Louw,1(2003-2003),0,N/A
James D Love,3(1981-1981),61,20.33
Malachy B Loye,7(2007-2007),142,20.29
Steven W Lubbers,4(1996-1996),24,8
Brian W Luckhurst,3(1975-1975),15,5
Michael J Lumb,3(2014-2014),165,55
Alfred S Luseno,10(2003-2010),34,17
Monte A Lynch,3(1988-1988),8,2.67
Christopher A Lynn,4(2017-),75,18.75
Nathan Michael Lyon,17(2012-),62,20.67
Ross T Lyons,25(2006-2010),90,22.5
Stuart C G MacGill,3(2000-2000),1,1
Matthew W Machan,23(2013-2016),734,33.36
Angus J Mackay,3(2001-2001),0,N/A
John A Maclean,2(1979-1979),11,11
Kenneth H MacLeay,16(1983-1987),139,12.64
Calum Scott MacLeod,57(2008-),1853,37.82
Neil J MacRae,2(2006-2006),10,5
Sharma Madan Lal,67(1974-1987),401,19.1
Darren L Maddy,8(1998-2000),113,18.83
Trevor N Madondo,13(1998-2001),191,15.92
Ranjan Senerath Madugalle,63(1979-1988),950,18.63
Arachchige W R Madurasinghe,12(1988-1992),21,10.5
Devapurage Shehan Madushanka Kumara,1(2018-),7,7
Lahiru Dilshan Madushanka,4(2017-),14,4.67
Neville Madziva,12(2014-),62,6.89
Mafizur Rahman,4(1997-1997),53,17.67
John N Maguire,23(1983-1984),42,7
Roshan Siriwardene Mahanama,213(1986-1999),5162,29.5
Keshav A Maharaj,4(2017-),25,12.5
Mohamed Farveez Maharoof,109(2004-),1113,19.53
Mahbubul Alam,5(2009-2009),81,40.5
Mahbubur Rahman,1(1999-1999),3,3
James P Maher,26(1998-2003),438,25.76
Sajid I Mahmood,26(2004-2009),85,7.73
Mahmood Hamid,1(1995-1995),1,1
Mohammad Mahmudullah,171(2007-),3673,33.39
Ngonidzashe B Mahwire,23(2004-2006),117,10.64
Gregor I Maiden,7(2010-2011),84,21
Majid Khan,23(1973-1982),786,37.43
Devon E Malcolm,10(1990-1994),9,3
Ashok Malhotra,20(1982-1986),457,30.47
Separamadu Lasith Malinga,213(2004-),534,7.12
Gyanendra Malla,6(2018-),143,23.83
Ashley A Mallett,9(1971-1975),14,7
Michael F Malone,10(1977-1982),36,9
Maninder Singh,59(1983-1993),49,12.25
Sanjay Vijay Manjrekar,74(1988-1996),1994,33.23
Manjural Islam,34(1999-2003),53,5.89
Manjural Islam Rana,25(2003-2006),331,20.69
Ashok V Mankad,1(1974-1974),44,44
Graham A Manou,4(2009-2009),7,7
Mansoor Akhtar,41(1980-1990),593,17.44
Mansoor Amjad,1(2008-2008),5,5
Mansoor Rana,2(1990-1990),15,7.5
Manzoor Akhtar,7(1997-1998),97,24.25
Manzoor Elahi,54(1984-1995),741,22.45
Maqsood Rana,1(1990-1990),5,5
Ishwar Maraj,6(2003-2003),98,19.6
Alester Maregwede,11(2003-2005),124,12.4
Douglas A Marillier,48(2000-2003),672,18.16
Aiden Kyle Markram,16(2017-),407,25.44
Victor J Marks,34(1980-1988),285,13.57
Geoffrey Robert Marsh,117(1986-1992),4357,39.97
Mitchell R Marsh,53(2011-),1428,35.7
Rodney William Marsh,92(1971-1984),1225,20.08
Shaun Edward Marsh,63(2008-),2536,42.27
Cecil A Marshall,2(1979-1979),10,5
Hamish J H Marshall,66(2003-2007),1454,27.43
James A H Marshall,10(2005-2008),250,25
Malcolm D Marshall,136(1980-1992),955,14.92
Xavier M Marshall,24(2005-2009),375,17.86
Anthony Martin,9(2011-2011),10,10
Christopher Stewart Martin,20(2001-2008),8,1.6
Gary C Martin,5(1994-1995),31,7.75
Jacob J Martin,10(1999-2001),158,22.57
Peter J Martin,20(1995-1998),38,6.33
Damien R Martyn,208(1992-2006),5346,40.81
Timycen Maruma,17(2007-),157,9.81
Hamilton Masakadza,204(2001-),5604,28.16
Shingirai W Masakadza,16(2010-2014),170,21.25
Wellington Pedzisai Masakadza,17(2015-),53,5.89
Adrian D Mascarenhas,20(2007-2009),245,22.27
Mashrafe Bin Mortaza,205(2001-),1752,14.02
Michael J Mason,26(2003-2010),24,8
Masood Iqbal,1(1984-1984),2,2
Steve J Massiah,2(2004-2004),23,11.5
Robert A L Massie,3(1972-1972),16,N/A
Prince S Masvaure,2(2018-),40,20
Everton Matambanadzo,7(1996-1997),8,4
Angelo Davis Mathews,203(2008-),5380,42.36
Andrew W Mathieson,1(2015-2015),0,N/A
Stuart Matsikenyeri,113(2002-2015),2224,22.02
Craig R Matthews,56(1991-1997),141,10.85
Gregory Richard John Matthews,59(1984-1993),619,16.73
Everton H Mattis,2(1981-1981),86,43
Bryan M Mauricette,3(1979-1979),20,6.67
Brandon Anesu Mavuta,5(2018-),52,13
Tinotenda M K Mawoyo,7(2006-2014),58,8.29
Donovan E S Maxwell,10(2006-2007),166,27.67
Glenn James Maxwell,91(2012-),2367,32.42
Timothy Brian Alexander May,47(1987-1995),39,9.75
Matthew P Maynard,14(1994-2000),156,14.18
Mazhar Hussain,7(1994-1996),179,25.57
Mazharul Haque,1(2002-2002),3,3
Mpumelelo Mbangwa,29(1996-2002),34,4.86
Cameron McAuslan,2(2017-),35,17.5
Andrew Robert McBrine,34(2014-),241,20.08
William K McCallan,39(2006-2009),361,20.06
Neil F I McCallum,43(2006-2011),1002,27.83
Rory D McCann,8(2010-2010),44,11
Graeme J McCarter,1(2014-2014),1,N/A
Barry J McCarthy,24(2016-),82,6.83
Mitchell J McClenaghan,48(2013-2016),108,27
James Alexander McCollum,1(2019-),0,0
Richard B McCosker,14(1975-1982),320,22.86
Obed Christopher McCoy,2(2018-),0,N/A
Brendon B McCullum,260(2002-2016),6083,30.42
Nathan L McCullum,84(2009-2015),1070,20.98
Rodney J McCurdy,11(1985-1985),33,8.25
Craig J McDermott,138(1985-1996),432,7.08
Paul E McEwan,17(1980-1985),204,13.6
Neil C McGarrell,17(1998-2001),60,7.5
Peter D McGlashan,4(2009-2009),63,63
Anthony McGrath,14(2003-2004),166,16.6
Glenn D McGrath,250(1993-2007),115,3.83
Andrew J McKay,19(2010-2012),12,4
Clinton J McKay,59(2009-2014),190,9.05
Brian J McKechnie,14(1975-1981),54,13.5
Scott Stephen McKechnie,8(2017-),108,15.43
Graham D McKenzie,1(1971-1971),0,N/A
Neil D McKenzie,64(2000-2009),1688,37.51
Ryan  McLaren,54(2009-2014),485,18.65
Nixon A M McLean,45(1996-2003),314,12.08
Hamish McLeod,2(1975-1975),5,2.5
Brian M McMillan,78(1991-1998),841,23.36
Craig D McMillan,197(1997-2007),4707,28.19
Ervin B McSweeney,16(1986-1987),73,8.11
Stuart C Meaker,2(2011-2011),2,1
Mehidy Hasan Miraz,25(2017-),291,20.79
Mehmood Quaraishy,3(1975-1975),41,20.5
Vijay Mehra,6(1994-1996),92,18.4
Mehrab Hossain,18(1998-2003),449,24.94
Mehrab Hossain,18(2006-2009),276,17.25
Praful S Mehta,1(1975-1975),12,12
Mohammed A Meman,1(1987-1987),19,19
Balapuwaduge Ajantha Winslow Mendis,87(2008-2015),188,8.17
Balapuwaduge Kusal Gimhan Mendis,57(2016-),1424,26.87
Balapuwaduge Manukulasuriya Amith Jeevan Mendis,54(2010-2015),604,20.13
Louis Rohan Duleep Mendis,79(1975-1989),1527,23.49
Manimeldura C Mendis,1(1995-1995),3,N/A
Joe M Mennie,2(2016-),1,0.5
Keegan O Meth,11(2006-2012),106,13.25
Paras L Mhambrey,3(1996-1998),7,N/A
David A Miller,116(2010-),2831,38.26
Geoffrey Miller,25(1977-1984),136,8.5
Nikita O'Brien Miller,50(2008-),284,20.29
Jonathan P Millmow,5(1990-1990),0,N/A
Kyle D Mills,170(2001-2015),1047,15.63
Adam F Milne,40(2012-),168,16.8
Minhajul Abedin,27(1986-1999),453,18.88
Dean A Minors,20(2006-2007),478,26.56
Solomon Farai Mire,40(2014-),840,21
Mirwais Ashraf,46(2009-),387,14.33
Misbah-ul-Haq,162(2002-2015),5122,43.41
Amit Mishra,36(2003-),43,5.38
Tanmay Mishra,42(2006-2013),1128,34.18
Abhimanyu Mithun,5(2010-2011),51,17
Hitesh S Modi,63(1996-2006),1109,23.6
Mohammad Akram,23(1995-2000),14,7
Mohammad Amir,49(2009-),352,19.56
Mohammad Ashraful,177(2001-2013),3468,22.23
Mohammad Asif,38(2005-2010),34,3.78
Mohammad Aslam,4(1996-1996),38,9.5
Mohammad Boota,7(2018-),140,23.33
Mohammad Hafeez,208(2003-),6302,32.99
Mohammad Hussain,14(1997-1998),154,30.8
Mohammad Iqbal,5(2007-2008),54,10.8
Mohammad Irfan,60(2010-),48,4
Mohammad Ishaq,5(1994-1996),98,24.5
Mohammad Kashif,11(2006-2010),1,0.33
Mohammad Khalil,3(2005-2005),0,N/A
Mohammad Mithun Ali,15(2014-),381,34.64
Mohammad Nabi,108(2009-),2459,28.93
Mohammad Naveed,35(2014-),369,18.45
Mohammad Nawaz,14(2016-),199,22.11
Mohammad Rafique,125(1995-2007),1191,13.38
Mohammad Rizwan,27(2015-),474,27.88
Mohammad Saifuddin,10(2017-),175,29.17
Mohammad Salim,1(2003-2003),9,9
Mohammad Salman,7(2011-2011),22,11
Mohammad Sami,87(2001-2015),314,11.63
Mohammad Shahzad,77(2009-),2551,34.47
Mohammad Shahzad,6(2014-),190,31.67
Mohammad Talha,3(2014-2014),0,0
Mohammad Tauqir,11(2004-2015),95,13.57
Mohammad Wasim,25(1996-2000),543,23.61
Mohammad Yousuf,288(1998-2010),9720,41.72
Mohammad Zahid,11(1996-2002),15,7.5
Dave Mohammed,7(2006-2008),0,N/A
Jason Nazimuddin Mohammed,28(2011-),551,23.96
Mohammed Nazir,4(1980-1984),4,N/A
Mohammed Qasim,5(2017-),94,18.8
Mohammed Shami Ahmed,60(2013-),118,9.08
Mohammed Sharif,9(2001-2007),53,13.25
Mohammed Siraj,1(2019-2019),0,N/A
Debashish S Mohanty,45(1997-2001),28,5.6
Mohibullah Paak,2(2013-2013),0,N/A
Mohsin Kamal,19(1984-1989),27,9
Mohsin Khan,75(1977-1986),1877,26.81
Moin Khan,219(1990-2004),3266,23
Moin-Ul-Atiq,5(1988-1989),199,39.8
Geert-Maarten C Mol,6(2007-2008),25,12.5
Hendrik J Mol,11(2002-2008),67,8.38
Mominul Haque,28(2012-),557,22.28
Preston L Mommsen,44(2010-),1115,30.97
Dinesh Mongia,57(2001-2007),1230,27.95
Nayan R Mongia,140(1994-2000),1272,20.19
Moniruzzaman,2(2003-2003),1,0.5
Thomas Masson Moody,76(1987-1999),1211,23.29
John F Mooney,64(2006-2015),963,23.49
Paul J K  Mooney,4(2006-2007),12,12
Peter Joseph Moor,42(2014-),699,19.42
Kiran S More,94(1984-1993),563,13.09
Vani V Morea,13(2014-),313,26.08
Daniel W O Morgan,2(2006-2006),2,1
Eoin J G Morgan,217(2006-),6813,39.16
Johannes A Morkel,58(2004-2012),782,23.7
Morne Morkel,117(2007-2018),268,9.24
Christopher Henry Morris,34(2013-),394,19.7
John E Morris,8(1990-1991),167,23.86
Daniel Kyle Morrison,96(1987-1996),171,9
John F M Morrison,18(1975-1983),252,21
Morshed Ali Khan,3(1998-1998),2,N/A
Runako S Morton,56(2002-2010),1519,33.76
Mosaddeck Hossain,24(2016-),341,31
Ezra A Moseley,9(1990-1991),7,1.75
Mosharraf Hossain,5(2008-2016),26,6.5
Jeffrey K Moss,1(1979-1979),7,7
Martyn D Moxon,8(1985-1988),174,21.75
Phenyo V Mpitsang,2(1999-1999),1,N/A
Christopher Bobby Mpofu,80(2004-),46,2.3
Natsai M'shangwe,6(2011-2014),38,7.6
Jehan Mubarak,40(2002-2013),704,22.71
Mudassar Bukhari,46(2007-2014),515,17.17
Mudassar Nazar,122(1977-1989),2653,25.27
Tafadzwa V Mufambisi,6(2006-2007),55,9.17
Muhammad Usman,23(2016-),541,25.76
Mujahid Jamshed,4(1997-1997),27,13.5
Mujeeb Ur Rahman,25(2017-),40,6.67
Saradindu P Mukherjee,3(1990-1991),2,N/A
Saleem Mukuddem,20(2006-2007),331,23.64
Jacob Mulder,4(2017-),15,N/A
Pieter Willem Adriaan Mulder,8(2017-),57,14.25
Ashif A Mulla,24(2006-2009),482,20.08
Mohsin Mulla,1(2007-2007),1,1
Alan D Mullally,50(1996-2001),86,5.73
Carl T Mumba,2(2016-),3,3
Arachchige M N Munasinghe,5(1994-1996),13,4.33
Eldeniya Medagedara Dilshan Yasika Munaweera,2(2017-),15,7.5
Munir Dar,2(2008-2008),18,9
Colin Munro,51(2013-),1146,24.91
Henry G Munsey,16(2017-),381,29.31
Tawanda Mupariwa,40(2004-2016),185,8.41
Muttiah Muralitharan,350(1993-2011),674,6.81
Bryan G Murgatroyd,6(2003-2003),90,15
Brian A Murphy,31(2000-2003),72,8
David Murphy,8(2013-2013),58,11.6
David A Murray,10(1973-1981),45,9
Darrin J Murray,1(1994-1994),3,3
Deryck Lance Murray,26(1973-1980),295,24.58
Junior Randalph Murray,55(1992-1999),678,22.6
Ryan Craig Murray,5(2018-),108,27
Timothy James Murtagh,47(2012-),161,7.67
Tarisai Kenneth Musakanda,15(2016-),304,21.71
Mushfiqur Rahim,201(2006-),5371,34.43
Mushfiqur Rahman,28(2000-2004),360,16.36
Mushtaq Ahmed,144(1989-2003),399,9.5
Mushtaq Mohammad,10(1973-1978),209,34.83
Mustafizur Rahman,43(2015-),57,9.5
Philip Mustard,10(2007-2008),233,23.3
David T Mutendera,9(1999-2001),20,10
Forster Mutizwa,17(2009-2011),403,31
Tinotenda C Mutombodzi,11(2013-2015),112,12.44
Richmond Mutumbami,31(2014-),552,20.44
Blessing Muzarabani,18(2018-),16,2
Taurai Muzarabani,8(2015-),12,3
Waddington Mwayenga,3(2002-2004),1,0.5
Stephanus J Myburgh,13(2011-),294,24.5
Ganesh Mylvaganam,3(1996-1996),36,12
Nadeem Ahmed,25(2004-),67,5.58
Nadeem Ghauri,6(1990-1990),14,14
Nadeem Khan,2(1993-1995),2,2
Naeem Ahmed,1(1978-1978),0,N/A
Naeem Ashraf,2(1995-1995),24,24
Naeem Islam,59(2008-2014),975,27.08
Naeemuddin Aslam,2(2004-2004),12,6
Nafis Iqbal,16(2003-2005),309,19.31
Mahendra V Nagamootoo,24(2000-2002),162,13.5
John Nagenda,1(1975-1975),0,N/A
Sudhir S Naik,2(1974-1974),38,19
Naimuir Rahman,29(1995-2002),488,19.52
Karun Kaladharan Nair,2(2016-),46,23
Najaf Shah,1(2007-2007),0,0
Najeeb Amar,4(2004-2008),38,12.67
Najeeb Tarakai,1(2017-),5,5
Najibullah Zadran,51(2012-),1089,27.23
Parbhu G Nana,3(1975-1975),9,9
Dirk P Nannes,1(2009-2009),1,1
Alei Nao,12(2017-),85,42.5
Sunil Philip Narine,65(2011-),363,11
Naseer Malik,3(1975-1975),0,N/A
Brendan P Nash,9(2008-2009),104,26
Dion J Nash,81(1992-2002),624,15.6
Nasim-Ul-Ghani,1(1973-1973),1,1
Nasir Ahmed,7(1988-1990),25,12.5
Nasir Aziz,5(2014-2015),82,27.33
Nasir Hameed,1(2004-2004),0,0
Nasir Hossain,65(2011-),1281,29.11
Nasir Jamal Ahmadzai,16(2014-),352,27.08
Nasir Jamshed,48(2008-2015),1418,31.51
Nasir Javed,1(2004-2004),2,N/A
Naumanullah,1(2008-2008),5,5
Naved Anjum,13(1984-1992),113,12.56
Naved Latif,11(2001-2003),262,23.82
Naved-ul-Hasan,74(2003-2010),524,15.88
Naveen -ul-Haq,2(2016-),0,N/A
Mohamed N Nawaz,3(1998-2002),31,15.5
Nawroz Mangal,49(2009-2016),1139,27.12
Surendra V Nayak,4(1981-1982),3,3
H G Dharshana Nayanakanatha,3(2003-2003),3,3
Abhishek M Nayar,3(2009-2009),0,N/A
Mohammed Nazimuddin,11(2008-2012),147,13.36
Nazmul Hossain,38(2004-2012),35,4.38
Nazmul Hossain Shanto,3(2018-),20,6.67
Nazmul Islam,5(2018-),7,7
Njabulo Ncube,1(2011-2011),0,N/A
James Douglas Sheahan Neesham,49(2013-),1015,30.76
Neeyamur Rashid,2(1999-1999),5,5
Ashish Nehra,120(2001-2011),141,5.64
Andre Nel,79(2001-2008),127,12.7
Johann D Nel,19(2006-2010),31,15.5
Michael Gertges Neser,2(2018-),8,4
Tarun S Nethula,5(2012-2012),12,6
Christopher J Nevin,37(2000-2003),732,20.33
Richard Ngarava,9(2017-),14,2.8
Lungisani Ngidi,13(2018-),34,34
James O Ngoche,15(2010-2013),25,3.57
Shem O Ngoche,16(2010-2014),78,8.67
Henry M Nicholls,41(2015-),1029,35.48
Robert J Nicol,22(2011-2013),586,30.84
Ian A Nicolson,2(2010-2010),14,7
Ruud G Nijman,1(2009-2009),0,N/A
Ratnayake A P Nissanka,23(2001-2003),53,6.63
Paul A Nixon,19(2007-2007),297,21.21
Nizakat Khan,20(2014-),675,33.75
Mluleki L Nkala,50(1998-2006),324,10.8
Ashley A Noffke,1(2008-2008),0,N/A
Noor Ali Zadran,46(2009-),1139,25.89
Noor-ul-Haq,2(2010-2010),12,6
Marcus J North,2(2009-2009),6,3
Makhaya Ntini,173(1998-2009),199,8.65
Ashley Renaldo Nurse,45(2016-),449,19.52
Nurul Abedin,4(1986-1990),15,3.75
Nurul Hasan,2(2016-),68,34
John Nyumbu,19(2014-2015),46,4.6
Alex A Obanda,49(2007-2014),1306,30.37
George H O'Brien,9(2006-2008),38,5.43
Iain E O'Brien,10(2008-2009),3,N/A
Kevin Joseph O'Brien,130(2006-),3182,30.89
Niall John O'Brien,103(2006-),2581,28.05
Collins O Obuya,104(2001-2014),2044,25.55
David O Obuya,74(2001-2012),1355,19.36
Shayne B O'Connor,38(1997-2000),24,3.43
Nelson M Odhiambo,7(2010-2013),23,4.6
Nehemiah N Odhiambo,70(2006-2014),561,12.75
Simon P O'Donnell,87(1985-1991),1242,25.35
Thomas M Odoyo,136(1996-2014),2420,23.5
Edward O Odumbe,8(1996-1996),61,10.17
Maurice O Odumbe,61(1996-2003),1409,26.09
Naman V Ojha,1(2010-2010),1,1
Pragyan P Ojha,18(2008-2012),46,23
Kerry J O'Keeffe,2(1977-1977),16,16
Christopher Middleton Old,32(1973-1981),338,18.78
Duanne Olivier,2(2019-),0,N/A
Henry K Olonga,50(1995-2003),95,7.31
Lucas  Oluoch,2(2011-2011),6,6
Ali H Omarshah,28(1983-1996),437,16.81
Peter J Ongondo,79(1999-2011),389,8.84
Graham Onions,4(2009-2009),1,1
Justin L Ontong,28(2001-2012),184,13.14
Lamech N Onyango,29(1996-2014),144,13.09
Antony R M Opatha,5(1975-1979),29,9.67
Jacob D P Oram,160(2001-2012),2434,24.1
Henry Osinde,42(2006-2013),64,4.27
David R O'Sullivan,3(1974-1976),2,2
Elijah Otieno,26(2007-2014),49,4.9
Francis N Otieno,4(2010-2010),16,4
Kennedy O Otieno,89(1996-2009),2016,23.44
Maurice A Ouma,80(2004-2014),1501,20.85
Steven D Outerbridge,23(2006-2009),338,14.7
Craig Overton,1(2018-),0,N/A
Michael B Owens,1(1992-1992),0,0
Timothy David Paine,35(2009-),890,27.81
Steven J Palframan,7(1996-1996),55,13.75
Mangesh Panchel,1(2007-2007),0,N/A
Gyanendrakumar K Pandey,2(1999-1999),4,4
Manish Krishnanand Pandey,23(2015-),440,36.67
Chandrakant S Pandit,36(1986-1992),290,20.71
Hardik H Pandya,45(2016-),731,29.24
Mudhsuden S Panesar,26(2007-2007),26,5.2
Pankaj Singh,1(2010-2010),3,N/A
Rishabh Rajendra Pant,3(2018-),41,20.5
Tinashe Panyangara,65(2004-),239,6.64
Michael H W Papps,6(2004-2005),207,51.75
Jatin V Paranjpe,4(1998-1998),54,18
Brenton A Parchment,7(2007-2008),122,17.43
Joel S Paris,2(2016-2016),0,N/A
Ghulam A Parkar,10(1982-1984),165,18.33
John M Parker,24(1974-1981),248,12.4
Matthew A Parker,10(2010-2010),59,9.83
Norman M Parker,1(1976-1976),0,0
Wayne Dillon Parnell,65(2009-),508,21.17
Adam C Parore,179(1992-2002),3314,25.69
Derek R Parry,6(1978-1980),61,15.25
Stephen D Parry,2(2014-2014),0,N/A
Parvez Ghulam Rasool Zargar,1(2014-2014),0,N/A
Nelon T Pascal,1(2009-2009),0,0
Leonard S Pascoe,29(1977-1982),39,9.75
Sudath P Pasqual,2(1979-1979),24,24
Ashish Patel,2(2003-2003),25,25
Ashok K Patel,8(1984-1985),6,3
Axar Rajeshbhai Patel,38(2014-),181,12.93
Brijal J Patel,31(2001-2006),360,16.36
Brijesh P Patel,10(1974-1979),243,30.38
Dipak N Patel,75(1987-1997),623,11.75
Hiral Patel,23(2009-2013),468,21.27
Jitendra M Patel,3(1979-1979),3,1
Jeetan S Patel,43(2005-),95,13.57
Kalpesh A  Patel,2(2006-2006),1,1
Malhar L Patel,3(2004-2006),40,13.33
Munaf M Patel,70(2006-2011),74,6.73
Pathiv A Patel,38(2003-2012),736,23.74
Rashid G M Patel,1(1988-1988),0,N/A
Rakeep R Patel,39(2008-2014),621,20.03
Samit R Patel,36(2008-2013),482,32.13
Dane Paterson,4(2017-),0,N/A
Grant A Paterson,10(1983-1987),123,12.3
Irfan K Pathan,120(2004-2012),1544,23.39
Rayyankhan Pathan,1(2013-2013),2,2
Yusuf K Pathan,57(2008-2012),810,27
Sachith Shanaka Pathirana,18(2015-),332,25.54
Sandeep M Patil,45(1980-1986),1005,24.51
Swapnil P Patil,13(2014-2015),263,26.3
Jason Patraj,2(2007-2007),21,10.5
Bruce M W Patterson,3(1999-1999),10,3.33
Balfour P Patterson,59(1986-1993),44,8.8
James L Pattinson,15(2011-2015),42,10.5
Rohit Kumar Paudel,4(2018-),86,21.5
Keemo Mandela Angus Paul,11(2018-),115,16.43
Thelston R O Payne,7(1984-1987),126,31.5
Stephen G Peall,21(1992-1996),91,6.5
Gerald E Peckover,3(1983-1983),33,16.5
Andrew J Penn,5(1997-2001),23,11.5
Angelo Kanishka Perera,4(2013-),8,4
Kahawalage G Perera,1(1986-1986),0,N/A
Mahawaduge Dilruwan Kamalaneth Perera,13(2007-),152,12.67
Mathurage Don Kusal Janith Perera,85(2013-),2242,29.5
Narangoda Liyanaarachchilage Thisara Chirantha Perera,148(2009-),2091,21.12
Panagodage D R L Perera,19(1999-2007),8,1.6
Suresh A Perera,20(1998-2001),195,17.73
Veerasammy Permaul,7(2012-),19,6.33
Nehemiah O Perry,21(1999-2000),212,26.5
Pervez Mir,3(1975-1977),26,13
Alviro N Petersen,21(2006-2013),504,28
Robin J Peterson,79(2002-2014),556,20.59
Mark J Petrie,4(2009-2009),3,1.5
Richard G Petrie,12(1990-1991),65,13
Aaron M Phangiso,21(2013-),81,7.36
Andile Lucky Phehlukwayo,39(2016-),376,31.33
Vernon D Philander,30(2007-2015),151,12.58
Iain L Philip,3(1999-1999),20,6.67
Norbert Phillip,1(1978-1978),0,0
Wayne B Phillips,48(1982-1986),852,24.34
Hemal S M Pieris,3(1975-1975),19,9.5
Kevin P Pietersen,136(2004-2013),4440,40.73
Arthur D J Pitcher,3(2007-2007),20,6.67
Azeem R Pitcher,4(2006-2007),36,9
Oliver L Pitcher,5(2007-2007),72,14.4
Liam Edward Plunkett,78(2005-),584,19.47
Patrick I Pocock,1(1985-1985),4,4
Nosaina Pokana,5(2017-),9,2.25
Keiron A Pollard,101(2007-),2289,25.72
Victor Pollard,3(1973-1974),67,33.5
Shaun M Pollock,303(1996-2008),3519,26.46
Ricky Thomas Ponting,375(1995-2012),13704,42.04
Riaz H Poonawala,2(1994-1994),44,22
Navdeep S Poonia,21(2006-2009),237,11.29
Nicholas Pooran,1(2019-2019),0,0
Graeme D Porter,2(1979-1979),3,3
William Thomas Stuart Porterfield,124(2006-),3723,31.55
Nic Pothas,3(2000-2000),24,24
Ramesh R Powar,31(2004-2007),163,11.64
Daren B Powell,55(2002-2009),118,5.36
Kieran Omar Akeem Powell,46(2009-),958,21.77
Rovman Powell,34(2016-),670,23.93
Ricardo L Powell,109(1999-2005),2085,24.82
Andrew D Poynter,19(2008-2014),255,19.62
Stuart W Poynter,18(2014-),177,14.75
Manoj M Prabhakar,130(1984-1996),1858,24.13
Aththachchi Nuwan Pradeep Roshan Fernando,34(2012-),27,5.4
Bapu Krishnarao Venkatesh Prasad,161(1994-2001),221,6.91
Kariyawasam Tirana Gamage Dhammika Prasad,24(2006-2015),129,21.5
Mannava S K Prasad,17(1998-1999),131,14.56
Seekkuge Prasanna,40(2011-),421,12.38
Dwaine Pretorius,16(2016-),101,16.83
Raymond William Price,102(2002-2012),406,9.67
Mark W Priest,18(1990-1998),103,10.3
Ashwell Gavin Prince,52(2002-2007),1018,35.1
Christopher Pringle,64(1990-1995),193,8.77
Donald J Pringle,2(1975-1975),5,2.5
Derek Raymond Pringle,44(1982-1993),425,23.61
Meyrick W Pringle,17(1992-1994),48,9.6
Matthew J Prior,68(2004-2011),1282,24.19
Subasinghe Mudiyanselage Ashan Priyanjan,23(2013-2015),420,23.33
Cheteshwar Arvind Pujara,5(2013-2014),51,10.2
Yodhin Punja,1(2015-2015),1,1
Karuppiahyage Ravindra Pushpakumara,31(1994-1999),36,9
Muthumudalige Pushpakumara,3(2009-2010),7,N/A
Pawuluge Malinda Pushpakumara,2(2017-),11,5.5
Andrew G Puttick,1(2005-2005),0,0
Andrew J Pycroft,20(1983-1992),295,17.35
Milton R Pydanna,3(1980-1983),2,N/A
Qadeer Ahmed,8(2015-),6,3
Qaiser Ali,17(2006-2008),244,15.25
Qasim Omar,31(1983-1987),642,22.93
Kagiso Rabada,62(2015-),198,15.23
Carl Grau Rackemann,52(1983-1991),34,2.83
Neal V Radford,6(1988-1988),0,0
Clive T Radley,4(1978-1978),250,83.33
Raees Ahmadzai,5(2009-2010),88,29.33
Rafiqul Alam,2(1986-1986),24,12
Rafiqul Islam,1(2002-2002),0,0
Ajinkya M Rahane,90(2011-),2962,35.26
Rahat Ali,14(2012-2016),8,2.67
Rahmat Shah,55(2013-),1789,36.51
Pipi Raho,1(2014-2014),0,N/A
Kannaur Lokesh Rahul,13(2016-),317,35.22
Suresh Kumar Raina,226(2005-),5615,35.31
Edward C Rainsford,39(2004-2010),55,5.5
Lallit Narayan Rajbanshi,3(2019-2019),5,N/A
Rajin Saleh,43(2003-2006),1005,23.93
Chandrasekara Arachchilage Kasun Rajitha,3(2018-),0,N/A
Lalchand S Rajput,4(1985-1987),9,3
Sagi Lakshmi Venkatapathy Raju,53(1990-1996),32,4
Woorkeri V Raman,27(1988-1996),617,23.73
Champaka P H Ramanayake,62(1986-1995),210,10
Ryan Ramdass,1(2005-2005),1,1
Denesh Ramdin,139(2005-),2200,25
Rameez Shahzad,15(2016-),691,53.15
Sadagopan Ramesh,24(1999-1999),646,28.09
Ramiz Raja,198(1985-1997),5841,32.09
Dinanath Ramnarine,4(1997-2001),5,1.67
Ravindranath Rampaul,92(2003-2015),362,12.48
Mark R Ramprakash,18(1991-2001),376,26.86
Darren R Ramsammy,1(2012-2012),0,0
Ramveer Rai,1(2004-2004),39,39
Anura N Ranasinghe,9(1975-1982),153,21.86
Sirimewan K Ranasinghe,4(1986-1986),55,18.33
Arjuna Ranatunga,269(1982-1999),7456,35.85
Dammika Ranatunga,4(1990-1990),49,12.25
Nishantha Ranatunga,2(1993-1993),0,0
Sanjeeva Ranatunga,13(1994-1996),253,23
Seth Hayden Arnold Rance,2(2017-),0,N/A
Ujesh Ranchod,3(1992-1993),3,N/A
Derek W Randall,49(1976-1985),1067,26.68
Randhir Singh,2(1981-1983),0,N/A
Hewa Kaluhalamullage Suraj Randiv Kaluhalamulla,31(2009-),280,17.5
William Boyd Rankin,62(2007-),69,6.27
Mohammad Raqibul Hasan,55(2008-2011),1308,27.83
Raqibul Hasan,2(1986-1986),17,8.5
Adil Usman Rashid,83(2009-),529,19.59
Rashid Khan,54(2015-),687,22.16
Rashid Khan,29(1980-1985),110,13.75
Rashid Latif,166(1992-2003),1709,19.42
Rashid Zia,2(2004-2004),9,4.5
Vikram S Rathore,7(1996-1997),193,27.57
Nilantha L K Ratnayake,2(1989-1990),0,N/A
Rumesh Joseph Ratnayake,70(1982-1993),612,16.54
Joseph Ravindran Ratnayeke,78(1982-1990),824,14.98
Ajay Ratra,12(2002-2002),90,12.86
Sanjay S Raul,2(1998-1998),8,4
Damien Apa Ravu,4(2017-),6,2
Peter W E Rawson,10(1983-1987),80,16
Ambati T Rayudu,53(2013-),1674,49.24
Raza Hasan,1(2014-2014),0,0
Raza-ur-Rehman,6(2013-2014),225,45
Vivek Razdan,3(1989-1990),23,11.5
Christopher Mark Wells Read,36(2000-2006),300,17.65
Bharat Reddy,3(1978-1981),11,N/A
Aaron J Redmond,6(2009-2010),152,25.33
Rodney E Redmond,2(1973-1973),3,3
Ian R Redpath,5(1971-1975),46,9.2
Darren J Reekers,19(2006-2009),481,25.32
Dermot A Reeve,29(1991-1996),291,24.25
Basant Regmi,4(2018-),13,3.25
Bruce A Reid,61(1986-1992),49,3.77
Charles A Reid,2(2004-2004),8,4
John F Reid,25(1980-1986),633,27.52
Richard B Reid,9(1988-1991),248,27.56
Floyd L Reifer,8(1997-2009),117,14.63
Paul R Reiffel,92(1992-1999),503,13.97
Gavin J Rennie,42(1996-2003),635,20.48
John A Rennie,42(1993-2000),183,12.2
John B Reva,9(2016-),62,10.33
Jonathan N Rhodes,245(1992-2003),5935,35.12
Steven John Rhodes,9(1989-1995),107,17.83
Clive E B Rice,3(1991-1991),26,13
Austin C L Richards,1(2007-2007),2,2
Clifton J Richards,22(1981-1988),154,11.85
Dale M Richards,8(2009-2010),179,25.57
Isaac Vivian Alexander Richards,187(1975-1991),6721,47
David J Richardson,122(1991-1998),868,19.73
Edward J Richardson,2(2013-2013),12,12
Jhye Avon Richardson,7(2018-),39,9.75
Kane W Richardson,18(2013-),45,9
Mark H Richardson,4(2002-2002),42,10.5
Richard B Richardson,224(1983-1996),6248,33.41
Michael J R Rindel,22(1994-1999),575,27.38
Emmanuel B Ringera,1(2011-2011),0,N/A
Harry P Rinke,18(2006-2006),319,17.72
Michael J Rippon,6(2013-),71,23.67
Gregory Michael Ritchie,44(1982-1987),959,27.4
Stephen J Rixon,6(1978-1985),40,13.33
Chundangapoyil Puthiyapurayil Rizwan,2(2019-2019),61,30.5
Rizwan Ahmed,1(2008-2008),0,N/A
Rizwan Cheema,33(2008-2013),764,24.65
Rizwan Latif,1(2004-2004),0,0
Rizwan-Uz-Zaman,3(1981-1987),20,6.67
Kemar A J Roach,80(2008-),276,13.8
Andrew D G Roberts,1(1976-1976),16,16
Anderson M E Roberts,56(1975-1983),231,10.04
Stuart J Roberts,2(1990-1990),1,N/A
Gary K Robertson,10(1981-1989),49,8.17
Gavin R Robertson,13(1994-1998),45,15
Jacobi Robinson,3(2007-2009),27,13.5
Richard D Robinson,2(1977-1977),82,41
Robert T Robinson,26(1984-1988),597,22.96
Robiul Islam,3(2013-2013),0,N/A
Liam Nicholas Roche,3(2018-),4,2
Barney G Rogers,15(2002-2005),478,31.87
Glenn A Rogers,13(2006-2008),81,16.2
Rohan Mustafa,27(2014-),642,23.78
Rokhan Barakzai,1(2015-2015),0,N/A
Tobias Skelton Roland-Jones,1(2017-),37,N/A
Irvine H Romaine,35(2006-2009),783,25.26
Leon C Romero,2(2004-2004),1,0.5
Luke Ronchi,85(2008-),1397,23.68
Graham R J Roope,8(1973-1978),173,21.63
Joseph Edward Root,126(2013-),5090,50.9
Brian C Rose,2(1977-1977),99,49.5
Franklyn A Rose,27(1997-2000),217,12.06
Rilee Roscoe Rossouw,36(2014-),1239,38.72
Lawrence G Rowe,11(1975-1980),136,17
Jason Jonathan Roy,73(2015-),2661,38.57
Rubel Hossain,96(2009-),123,4.73
Jacobus A Rudolph,45(2003-2006),1174,35.58
Rumman Raees,9(2017-),27,9
David B Rundle,2(1994-1994),6,3
Mark W Rushmere,4(1992-1992),78,19.5
Andre Dwayne Russell,52(2011-),998,28.51
Robert Charles Russell,40(1987-1998),423,17.63
Hamish D Rutherford,4(2013-2013),15,3.75
Kenneth Robert Rutherford,121(1985-1995),3143,29.65
Jesse Daniel Ryder,48(2008-2014),1362,33.22
Hafiz Saad Nasim,3(2015-2015),99,49.5
Saadat Ali,8(1984-1984),184,30.67
Sabbir Rahman,57(2014-),1212,26.35
Sadiq Mohammad,19(1973-1980),383,21.28
Saeed Ajmal,113(2008-2015),324,7.04
Saeed Anwar,247(1989-2003),8824,39.22
Saeed Azad,4(1995-1996),65,16.25
Saeed-Al-Saffar,1(1996-1996),0,N/A
Sagar Pun,1(2018-),3,3
Anil K Sah,2(2018-),25,12.5
Wriddhiman Prasanta Saha,9(2010-2014),41,13.67
Saiful Islam,7(1990-1997),37,18.5
Sajid Ali,13(1984-1997),130,10.83
Sajjad Ahmed,2(1995-1995),15,7.5
Sajjad Akbar,2(1990-1990),5,5
Salahuddin Ahmed,6(1997-1997),24,12
Saleem Altaf,6(1973-1978),25,25
Saleem Elahi,48(1995-2004),1579,36.72
Saleem Malik,283(1982-1999),7170,32.89
Saleem Pervez,1(1980-1980),18,18
Saleem Raza,6(1994-1996),159,26.5
Saleem Yousuf,86(1982-1990),768,17.86
Salim Jaffer,39(1986-1990),36,18
Ian D K Salisbury,4(1993-1994),7,7
Salman Butt,78(2004-2010),2725,36.82
Salman Faris,3(2014-2014),43,14.33
Salman Farooq,1(2014-2014),0,N/A
George Salmond,5(1999-1999),57,11.4
Aavishkar M Salvi,4(2003-2003),4,2
Abdool M Samad,27(2003-2009),738,29.52
Johanne A Samarasekera,7(1994-1996),124,31
Maitipage Athula Rohitha Samarasekera,39(1983-1994),844,22.81
Dulip Prasamma Samaraweera,5(1993-1994),91,22.75
Thilan Thusara Samaraweera,53(1998-2011),862,27.81
Wedagedara Sadeera Rashen Samarawickrama,6(2017-),132,22
Sameer Zia,1(2004-2004),2,N/A
Sami Aslam,4(2015-),78,19.5
Samiullah Khan,2(2008-2008),0,N/A
Samiullah Shenwari,79(2009-),1733,29.37
Samiur Rahman,2(1986-1986),4,2
Darren J G Sammy,126(2004-2015),1871,24.95
Marlon Nathaniel Samuels,207(2000-),5606,32.98
Robert G Samuels,8(1996-1997),54,18
Paththamperuma Arachchige Don Lakshan Rangika Sandakan,19(2016-),28,4.67
Kevin T Sandher,15(2006-2007),36,6
Balwinder S Sandhu,22(1982-1984),51,12.75
Gurinder S Sandhu,2(2015-2015),0,N/A
Kumar C Sangakkara,404(2000-2015),14234,41.99
Rahul L Sanghvi,10(1998-1998),8,4
Mitchell Josef Santner,59(2015-),826,27.53
Sanwar Hossain,27(1998-2003),290,11.6
Saqib Ali,5(2008-2014),84,21
Saqlain Haider,5(2014-),58,14.5
Saqlain Mushtaq,169(1995-2003),711,11.85
Sarandeep Singh,5(2002-2003),47,15.67
Sarfraz Ahmed,101(2007-),1942,32.92
Sarfraz Nawaz,45(1973-1984),221,9.61
Pawan Sarraf,2(2019-2019),12,6
Ramnaresh R Sarwan,181(2000-2013),5804,42.68
Abdur F Sattaur,3(2003-2003),20,6.67
Sayed Ahmad Shirzad,1(2019-2019),0,N/A
Marcelis M C Schewe,5(1996-1996),49,16.33
Edgar Schiferli,30(2002-2013),161,10.06
Reiout H Scholte,5(2002-2003),39,7.8
Brett N Schultz,1(1992-1992),0,N/A
Glenroy R Sealy,3(1979-1979),73,24.33
Barry B Seebaran,4(2003-2003),4,4
Peter M Seelaar,39(2006-),125,9.62
Surendra Seeraj,1(2006-2006),13,N/A
Virender Sehwag,251(1999-2013),8273,35.06
Tim Louis Seifert,3(2019-),33,16.5
Thirumalai A P Sekar,4(1983-1985),0,N/A
Keith F Semple,7(1999-1999),64,10.67
Charith P Senanayake,7(1990-1991),126,18
Senanayake Mudiyanselage Sachithra Madhushanka Senanayake,49(2012-2015),290,13.18
Craig S Serjeant,3(1977-1978),73,24.33
Ramesh K Sethi,3(1975-1975),54,18
Shabbir Ahmed,32(1999-2005),10,1.67
Shabir Noori,10(2010-),191,19.1
Shadab Kabir,3(1996-1996),0,0
Shadab Khan,34(2017-),294,29.4
Shafiq Ahmed,3(1977-1978),41,13.67
Shafiqullah,24(2009-),430,22.63
Shafiuddin Ahmed,11(1997-2000),22,5.5
Shafiul Islam,56(2010-),126,6.3
Kinchit D Shah,10(2014-),136,15.11
Owais A Shah,71(2001-2009),1834,30.57
Ravindu D Shah,56(1998-2007),1506,27.89
Shahadat Hossain,51(2006-2013),79,7.9
Shaheedur Rahman,2(1986-1986),62,31
Shaheen Shah Afridi,10(2018-),15,15
Shahid Afridi,398(1996-2015),8064,23.58
Shahid Anwar,1(1996-1996),37,37
Shahid Mahboob,10(1982-1984),119,23.8
Shahid Nazir,17(1996-2000),25,25
Shahid Saeed,10(1989-1993),141,14.1
Shahid Wasif,10(2016-),81,11.57
Shahriar Hossain,20(1997-2004),362,19.05
Shahriar Nafees,75(2005-2011),2201,31.44
Shahzad Khan,1(2007-2007),4,4
Shahzaib Hasan,3(2010-2010),100,33.33
Shaiman Anwar,36(2014-),1107,31.63
Shakeel Ahmed,2(1995-1995),61,30.5
Shakeel Khan,1(1987-1987),0,0
Shakib Al Hasan,195(2006-),5577,35.08
Tabraiz Shamsi,13(2016-),0,0
Aftabodeen Shamsuden,1(2007-2007),3,3
Shamsur Rahman,10(2013-2014),266,26.6
Madagamagamage Dasun Shanaka,19(2016-),327,21.8
Vijay Shankar,5(2019-),45,45
James Norman Knight Shannon,1(2013-2013),2,2
Shapoor Zadran,43(2009-),67,6.7
Sharafuddin Ashraf,14(2014-),53,8.83
Safyaan M Sharif,36(2011-),211,14.07
Shariful Haque,1(1998-1998),10,10
Sharjeel Khan,25(2013-),812,32.48
Ajay K Sharma,31(1988-1993),424,20.19
Chetan Sharma,65(1983-1994),456,24
Gopal Sharma,11(1985-1987),11,5.5
Ishant Sharma,80(2007-2016),72,4.8
Karn V Sharma,2(2014-2014),0,N/A
Mohit Mahipal Sharma,26(2013-2015),31,7.75
Parthasarathy H Sharma,2(1976-1976),20,10
Rahul Sharma,2(2004-2004),11,5.5
Rahul Sharma,4(2011-2012),1,1
Rohit G Sharma,202(2007-),7845,47.55
Sanjeev K Sharma,23(1988-1990),80,10
Ravishankar J Shastri,150(1981-1992),3108,29.05
Timothy G Shaw,9(1991-1994),26,13
Andrew P Sheahan,3(1972-1972),75,25
Shehzad Altaf,2(1996-1996),0,N/A
Mohammad Sheikh,21(1997-2000),68,6.8
Mohammad Q Sheikh,7(2008-2010),63,10.5
Vikrant Shetty,2(2008-2014),16,8
Mthokozisi Shezi,1(2014-2014),0,N/A
Irvine T Shillingford,2(1978-1978),30,15
Sew Shivnarine,1(1978-1978),20,N/A
Shoaib Akhtar,163(1998-2011),394,8.95
Shoaib Malik,279(1999-),7379,35.14
Shoaib Mohammad,63(1984-1993),1269,24.4
D'Arcy John Matthew Short,4(2018-),83,27.67
Shubman Gill,2(2019-),16,8
Laxmi R Shukla,3(1999-1999),18,9
Kenneth Shuttleworth,1(1971-1971),7,7
Shuvagata Hom,4(2011-2011),70,35
Lega Siaka,16(2014-),290,18.13
Vusimuzi Sibanda,127(2003-),2994,24.54
Peter M Siddle,20(2009-2019),31,10.33
James D Siddons,1(1988-1988),32,32
Ryan J Sidebottom,25(2001-2010),133,13.3
Navjot S Sidhu,136(1987-1998),4413,37.08
Sikandar Raza,88(2013-),2477,34.4
Sikander Bakht,27(1977-1989),31,7.75
E H Shadeep N Silva,1(2008-2008),7,7
Kelaniyage J Silva,1(1995-1995),1,N/A
Lindamlilage P C Silva,75(1999-2011),1588,28.87
Sampathawudage A R Silva,20(1984-1985),441,22.05
Christopher E W Silverwood,7(1996-2001),17,4.25
Simandeep Singh,1(2018-),0,0
Simi Singh,12(2017-),159,15.9
Lendl M P Simmons,68(2006-2015),1958,31.58
Philip V Simmons,143(1987-1999),3675,28.94
Eric O Simons,23(1994-1995),217,15.5
Robert B Simpson,2(1978-1978),36,18
Richard W Sims,3(2002-2003),31,31
Matthew S Sinclair,54(2000-2009),1304,28.35
Rudra Pratap Singh,2(1986-1986),0,N/A
Rudra Pratap Singh,58(2005-2011),104,10.4
Rabindra Ramanarayan Singh,136(1989-2001),2336,25.96
Vikram R Singh,2(2006-2006),8,8
Tisse Appuhamilage Milinda Siriwardana,26(2015-),513,23.32
Laxman Sivaramakrishnan,16(1985-1987),5,2.5
Skhawit Ali,4(2008-2014),46,11.5
Wilfred N Slack,2(1986-1986),43,21.5
Michael J Slater,42(1993-1997),987,24.07
Gladstone C Small,53(1987-1992),98,6.53
Milton A Small,2(1984-1984),0,N/A
Timothy T Smart,2(2004-2004),34,17
Clay J Smith,12(2006-2007),192,16
Colin J O Smith,27(2006-2009),432,19.64
Christopher L Smith,4(1984-1984),109,27.25
David M Smith,2(1986-1990),15,15
Dwayne R Smith,105(2004-2015),1560,18.57
Devon S Smith,47(2003-2013),1059,24.63
Graeme C Smith,197(2002-2013),6989,37.98
Ian D S Smith,98(1980-1992),1055,17.3
Mclaren Smith,1(2008-2008),0,N/A
Michael John Smith,5(1973-1974),70,14
Michael Jonathon Smith,5(1999-1999),19,3.8
Neil M K Smith,7(1996-1996),100,20
Robin A Smith,71(1988-1996),2419,39.02
Ruaidhri A J Smith,2(2016-),10,10
Stephen B Smith,28(1983-1985),861,39.14
Steven P D Smith,108(2010-),3431,41.84
Jeroen Smits,38(2003-2009),168,16.8
Jeremy N Snape,10(2001-2002),118,29.5
Shane Snater,2(2018-),12,6
Martin C Snedden,93(1980-1990),535,15.29
Richard P Snell,42(1991-1996),322,16.1
John A Snow,9(1971-1975),9,4.5
Garfield St Aubrun Sobers,1(1973-1973),0,0
Inderbir S Sodhi,30(2015-),62,6.2
Reetinder S Sodhi,18(2000-2002),280,25.45
Sohag Gazi,20(2012-2014),184,15.33
Sohaib Maqsood,26(2013-2016),735,31.96
Sohail Butt,2(1994-1994),8,8
Sohail Fazal,2(1989-1989),56,28
Sohail Khan,13(2008-),25,5
Sohail Tanvir,62(2007-2014),399,13.76
Vikram S Solanki,51(2000-2006),1097,26.76
Christopher B Sole,8(2016-),9,2.25
Thomas Barclay Sole,8(2018-),31,10.33
Eknath D Solkar,7(1974-1976),27,4.5
Sujith B Somasunder,2(1996-1996),16,8
Sompal Kami,6(2018-),146,36.5
Chad A Soper,12(2016-),158,15.8
Durand Soraine,4(2006-2012),14,3.5
Max C Sorensen,13(2013-),125,20.83
Soumya Sarkar,41(2014-),1274,34.43
Timothy G Southee,139(2008-),669,12.62
Craig M Spearman,51(1995-2001),936,18.72
Barinder B Sran,6(2016-),0,N/A
Laxman Sreekumar,4(2015-),61,15.25
Shanthakumaran Sreesanth,53(2005-2011),44,4
Krishnamachari Srikkanth,146(1981-1992),4091,29.01
Javagal Srinath,229(1991-2003),883,10.64
Tirumalai E Srinivasan,2(1980-1981),10,5
Sridharan Sriram,8(2000-2004),81,13.5
Keith R Stackpole,6(1971-1974),224,37.33
Jan H Stander,5(2009-2012),44,11
Ian M Stanger,5(1999-2006),50,10
Billy Stanlake,7(2017-),4,1.33
Richard W Staple,2(2004-2004),4,2
Mitchell Aaron Starc,75(2010-),280,12.73
Nick A Statham,3(2003-2009),7,2.33
Martin P Stead,2(1979-1979),10,5
Ryan D Steede,8(2006-2008),70,11.67
David S Steele,1(1976-1976),8,8
William F Stelling,15(2006-2007),180,30
Graham B Stevenson,4(1980-1981),43,43
Alec J Stewart,170(1989-2003),4677,31.6
Errol L R Stewart,6(1993-2002),61,15.25
Shanan L Stewart,4(2010-2010),26,6.5
Dale W Steyn,124(2005-),365,9.36
Phillipus J R Steyn,1(1995-1995),4,4
Derek A Stirling,6(1984-1984),21,7
Paul Robert Stirling,102(2008-),3435,35.41
Marcus Peter Stoinis,25(2015-),844,42.2
Benjamin Andrew Stokes,79(2011-),2088,36.63
Lesley W Stokkers,1(2008-2008),15,N/A
Oliver Peter Stone,4(2018-),9,N/A
Leslie W Stott,1(1979-1979),0,N/A
Bryan Colin Strang,49(1995-2001),92,5.11
Paul A Strang,95(1994-2001),1090,22.24
Andrew J Strauss,127(2003-2011),4205,35.64
Heath H Streak,189(1993-2005),2943,28.3
Gregory M Strydom,12(2006-2006),147,14.7
Pieter C Strydom,10(2000-2000),48,9.6
Reinhardt Strydom,9(2008-2008),83,13.83
Anthony M Stuart,3(1997-1997),1,1
Colin E L Stuart,5(2001-2001),3,N/A
Scott B Styris,188(1999-2011),4483,32.49
Murphy L Su'A,12(1992-1995),24,4.8
Subashis Roy,1(2016-),1,N/A
Ramchandra Sudhakar Rao,1(1976-1976),4,4
Suhrawadi Shuvo,17(2010-2011),98,14
Anthony O Suji,60(1996-2008),506,12.97
Martin A Suji,64(1996-2006),247,8.23
Sultan Zarawani,7(1994-1996),26,4.33
Glen P Sulzberger,3(2000-2000),9,9
Shiraz Sumar,1(1975-1975),4,4
Sunzamul Islam,3(2017-),19,19
Zubin E Surkari,23(2008-2011),328,17.26
Stephan J Swanepoel,5(2003-2003),43,8.6
Graeme P Swann,79(2000-2013),500,13.89
Michael R Swart,12(2011-2014),197,19.7
Syed Maqsood,2(2004-2004),18,9
Syed Rasel,52(2005-2010),81,4.76
Patrick Leonard Symcox,80(1993-1999),694,16.93
Andrew Symonds,198(1998-2009),5088,39.75
Gerrie Synman,5(2003-2003),5,1.25
Eric S Szwarczynski,41(2006-2014),1102,29.78
Tabarak Dar,4(2004-2008),101,25.25
Tahir Naqqash,40(1980-1985),210,15
Tatenda Taibu,150(2001-2012),3393,29.25
Taijul Islam,4(2014-),21,10.5
Alex R Tait,5(1998-1999),35,11.67
Shaun W Tait,35(2007-2011),25,12.5
Talha Jubair,6(2002-2003),5,2.5
Tamim Iqbal,189(2007-),6460,36.09
Tanbir Hayder,2(2016-),5,2.5
Tanveer Ahmed,6(2016-),4,N/A
Tanvir Ahmed,2(2011-2011),18,18
Tanvir Mehdi,1(1992-1992),0,0
Tanwir Afzal,20(2014-),290,18.13
Tapash Baisya,56(2002-2007),336,12
Tareq Aziz,10(2002-2004),26,26
Tariq Javed,3(1979-1979),15,5
Taskin Ahmed,32(2014-),41,4.1
Taslim Arif,2(1980-1980),28,14
Taufeeq Umar,22(2001-2011),504,24
Tausif Ahmed,70(1982-1990),116,10.55
Christopher James Tavare,29(1980-1984),720,27.69
Bruce R Taylor,2(1973-1973),22,22
Brendan R M Taylor,188(2004-),6156,35.79
Jerome E Taylor,90(2003-2017),278,8.42
Jonathan P Taylor,1(1993-1993),1,1
James W A Taylor,27(2011-2015),887,42.24
Leslie B Taylor,2(1986-1986),1,N/A
Luteru Ross Poutoa Lote Taylor,218(2006-),8026,48.35
Mark A Taylor,113(1989-1997),3514,32.24
Peter L Taylor,83(1987-1992),437,19.86
Robert M L Taylor,15(2013-2016),154,14
Robert W Taylor,27(1973-1984),130,13
Roger Telemachus,37(1998-2006),73,6.08
Ryan N ten Doeschate,33(2006-2011),1541,67
Sachin R Tendulkar,463(1989-2012),18426,44.83
Anura P B Tennekoon,4(1975-1979),137,34.25
Daniel James ter Braak,2(2018-),40,20
David J Terbrugge,4(2000-2000),5,5
Sean P Terry,5(2016-),32,6.4
Vinoo A B Tewarie,1(2011-2011),4,4
Shardul Narendra Thakur,5(2017-),22,22
Warushavithana Upul Tharanga,232(2005-),6936,34.17
Juan Theron,4(2010-2010),5,5
Hettige Don Rumesh Lahiru Thirimanne,117(2010-),2946,34.66
Devon C Thomas,21(2009-2013),238,14
John G Thomas,3(1986-1987),1,1
Oshane Romaine Thomas,9(2018-),0,0
Ewen P Thompson,1(2009-2009),0,N/A
Greg J Thompson,3(2008-2008),2,1
Patterson I C Thompson,2(1997-1997),2,2
Stuart Robert Thompson,20(2013-),228,16.29
Alan L Thomson,1(1971-1971),0,N/A
Jeffrey Robert Thomson,50(1975-1985),181,7.54
Shane A Thomson,56(1990-1996),964,22.95
Graham P Thorpe,82(1993-2002),2380,37.19
Sanjayan Thuraisingam,10(2003-2008),45,6.43
Magina Thilan Thushara Mirando Thushara,38(2008-2010),392,18.67
Lazaro O Tikolo,3(1996-1996),36,N/A
Stephen O Tikolo,135(1996-2014),3428,29.05
Hashan Prasantha Tillakaratne,200(1986-2003),3789,29.6
Donald T Tiripano,24(2014-),199,15.31
Michael H Tissera,3(1975-1975),78,26
Frederick John Titmus,2(1975-1975),11,11
Manoj K Tiwary,12(2008-2015),287,26.09
Saurabh S Tiwary,3(2010-2010),49,N/A
Roger W Tolchard,1(1979-1979),0,N/A
Gavin C Tonge,5(2009-2009),10,5
Peter M Toohey,5(1978-1979),105,52.5
Reece J W Topley,10(2015-2016),7,7
Athanasios J Traicos,27(1983-1993),88,11
James Cullum Tredwell,45(2010-2015),163,11.64
Christopher P Tremain,4(2016-),23,23
Christopher T Tremlett,15(2005-2011),50,7.14
Marcus E Trescothick,123(2000-2006),4335,37.37
Glenn S Trimble,2(1986-1986),4,4
Ian J L Trott,68(2009-2013),2819,51.25
Rodney J Trott,11(2007-2009),130,21.67
Jamie O Troughton,6(2003-2003),36,9
Gary B Troup,22(1976-1985),101,25.25
Thandi Tshabalala,4(2007-2007),2,N/A
Lonwabo L Tsotsobe,61(2009-2013),56,7
Janeiro J Tucker,26(2006-2009),496,19.84
Tamauri E Tucker,5(2008-2009),0,N/A
Carl M Tuckett,1(1998-1998),0,N/A
Alex Jeremy Tudor,3(2002-2002),9,9
Daryl R Tuffey,94(2000-2010),295,9.52
Philip Clive Roderick Tufnell,20(1990-1997),15,15
Alan Turner,6(1975-1975),247,41.17
Ashton James Turner,1(2019-2019),21,21
Glenn M Turner,41(1973-1983),1598,47
Tushar Imran,41(2001-2007),574,14.35
Roger G Twose,87(1995-2001),2717,38.81
Sudeep Tyagi,4(2009-2010),1,N/A
Andrew James Tye,7(2018-),57,14.25
Shaun D Udal,11(1994-2005),35,11.67
Isuru Udana Tillakaratna,2(2012-2012),0,N/A
Mahela L Udawatte,9(2008-2008),257,28.56
Umair Ali,2(2015-2015),20,10
Umar Akmal,116(2009-),3044,34.59
Umar Amin,16(2010-),271,18.07
Umar Gul,130(2003-),457,9.72
Jaydev D Unadkat,7(2013-2013),0,N/A
Derek L Underwood,26(1973-1982),53,5.89
Kalutarage Eric A Upashantha,12(1995-2001),49,7
Tony P Ura,17(2014-),508,29.88
Usman Ghani,15(2014-),411,27.4
Usman Limbada,11(2010-2014),189,18.9
Usman Mushtaq,1(2015-2015),3,3
Usman Salahuddin,2(2011-2011),13,6.5
Usman Khan Shinwari,12(2017-),0,0
Robin V Uthappa,46(2006-2015),934,25.94
Prosper Utseya,164(2004-2015),1406,16.74
Warnakulasuriya Patabendige Ushantha Joseph Chaminda Vaas,322(1994-2008),2025,13.68
Aldesh V Vadher,18(1997-1999),278,27.8
Prashant S Vaidya,4(1995-1996),15,7.5
Asadollah Vala,18(2014-),373,20.72
John N Valentine,3(1979-1979),3,N/A
Daan L S van Bunge,37(2002-2013),633,21.1
Hendrik Erasmus van der Dussen,5(2019-2019),241,120.5
Timm van der Gugten,4(2012-2013),4,2
Albert van der Merwe,9(2010-2011),15,3.75
Roelof E van der Merwe,13(2009-2010),39,9.75
Johannes J van der Wath,10(2006-2007),89,14.83
Martin van Jaarsveld,11(2002-2004),124,20.67
Vaughn B van Jaarsveld,2(2009-2009),9,4.5
Paul A van Meekeren,4(2013-),30,N/A
Maurits W A van Nierop,2(2006-2006),35,35
Klass-Jan J van Noortwijk,9(1996-2003),322,46
Robert F Van Oosterom,3(1996-2002),7,7
Burton O van Rooi,3(2003-2003),26,26
Melt van Schoor,5(2003-2003),58,14.5
Lucas P van Troost,23(2002-2007),284,15.78
Rudolph J van Vuuren,5(2003-2003),26,8.67
Morne N van Wyk,17(2003-2015),425,26.56
Cornelius J P G Van Zyl,2(1992-1992),3,3
Robert H Vance,8(1988-1989),248,31
Jeffrey Dexter Francis Vandersay,11(2015-),71,11.83
Michael G Vandort,1(2006-2006),48,48
Norman Vanua,14(2014-),150,16.67
Hiren A Varaiya,63(2006-2014),254,12.1
Jack N T Vare,9(2014-),81,10.13
John C B Vaughan,3(1979-1979),30,10
Justin T C Vaughan,18(1992-1996),162,18
Michael P Vaughan,86(2001-2007),1982,27.15
Michael R J Veletta,20(1987-1989),484,32.27
Dillip B Vengsarkar,129(1976-1991),3508,34.73
Srinivasaraghavan Venkataraghavan,15(1974-1983),54,10.8
Margasaghayam Venkataramana,1(1988-1988),0,N/A
Yalaka Venugopal Rao,16(2005-2006),218,24.22
Mark A Vermeulen,43(2000-2009),868,22.26
Sharad Vesawkar,1(2018-),4,4
Daniel L Vettori,295(1997-2015),2253,17.33
Murali Vijay,17(2010-2015),339,21.19
Dirk P Viljoen,53(1997-2001),512,14.22
Ranganath Vinay Kumar,31(2010-2013),86,9.56
James M Vince,6(2015-),131,26.2
Lou Vincent,102(2001-2007),2413,27.11
Gundappa R Viswanath,25(1974-1982),439,19.95
Sandanand Viswanath,22(1985-1988),72,9
Kasun Disi Kithuruwan Vithanage,6(2013-2014),75,15
Brian V Vitori,24(2011-),86,7.82
Graham E Vivian,1(1973-1973),14,14
Adam C Voges,31(2007-2013),870,45.79
Dudley M Vonhagt,1(1985-1985),8,8
Matthew Scott Wade,94(2012-),1777,25.75
Ajit L Wadekar,2(1974-1974),73,36.5
Kenneth J Wadsworth,13(1973-1976),258,28.67
Wahab Riaz,79(2008-),589,13.7
Wahidul Gani,1(1988-1988),0,N/A
Wajahatullah Wasti,15(1999-2000),349,23.27
Brooke G K Walker,11(2000-2002),47,15.67
Matthew D J Walker,3(2003-2003),10,10
Maxwell Henry Norman Walker,17(1974-1981),79,9.88
Craig D Wallace,22(2012-),328,18.22
Philo A Wallace,33(1991-2000),701,21.24
Andrew C Waller,39(1987-1997),818,23.37
Malcolm Noel Waller,79(2009-),1259,19.08
Kerry P Walmsley,2(2003-2003),0,N/A
Courtney A Walsh,205(1985-2000),321,6.98
Kevin Douglas Walters,28(1971-1981),513,28.5
Riaan Walters,2(2003-2003),0,0
Chadwick Antonio Kirkpatrick Walton,9(2009-),53,6.63
Samuel Walusimbi,3(1975-1975),38,12.67
Waqar Younis,262(1989-2003),969,10.31
Waqas Barkat,10(2014-),102,12.75
Waqas Khan,8(2015-),67,16.75
Iain Wardlaw,22(2013-2015),21,3.5
Bandula Warnapura,12(1975-1982),180,15
Basnayake S M Warnapura,3(2007-2008),35,11.67
Khahakachchi P J Warnaweera,6(1990-1993),1,N/A
Shane K Warne,194(1993-2005),1018,13.05
David A Warner,106(2009-),4343,43.43
Washington Sundar,1(2017-),0,N/A
Wasim Akram,356(1984-2003),3717,16.52
Wasim Bari,51(1973-1984),221,17
Wasim Haider,3(1992-1992),26,13
Wasim Raja,54(1973-1985),782,22.34
Atul S Wassan,9(1990-1991),33,8.25
Seren Waters,20(2008-2011),419,20.95
Steven L Watkin,4(1994-1994),4,2
Michael Watkinson,1(1996-1996),0,N/A
Bradley-John Watling,28(2010-),573,24.91
Graeme D Watson,2(1972-1972),11,11
Ryan R Watson,35(2006-2010),956,30.84
Shane R Watson,190(2002-2015),5757,40.54
William Watson,61(1986-1994),86,7.82
Mark R J Watt,18(2016-),130,16.25
David F Watts,36(2006-2011),974,28.65
Mark Edward Waugh,244(1988-2002),8500,39.35
Stephen Rodger Waugh,325(1986-2002),7569,32.91
Peter N Webb,5(1983-1984),38,9.5
Richard J Webb,3(1983-1983),6,N/A
Ajith P Weerakkody,1(1994-1994),2,2
Dharshanapriya Sandun Weerakkody,3(2017-),73,24.33
Sajeewa Weerakoon,2(2012-2012),0,N/A
Kaushalya Weeraratne,15(2000-2008),160,20
Uda Walawwe Mahim Bandaralage Chanaka Asanga Welegedara,10(2009-2010),4,4
Dirk M Wellham,17(1981-1987),379,25.27
Alan P Wells,1(1995-1995),15,15
Colin M Wells,2(1985-1985),22,11
Vincent J Wells,9(1999-1999),141,20.14
Steven R Welsh,3(2006-2008),42,21
Dominic S Wesonga,4(2010-2011),61,20.33
Kepler Christoffel Wessels,109(1983-1994),3367,34.36
Regan M West,10(2008-2009),61,30.5
Berend A Westdijk,4(2011-2011),1,0.5
Mithra De S Wettimuny,1(1983-1983),2,2
Sidath Wettimuny,35(1982-1987),786,24.56
Sunil R D Wettimuny,3(1975-1979),136,68
Alexander G Wharf,13(2004-2005),19,9.5
Karl Whatham,1(2011-2011),18,18
Davenell F Whatmore,1(1980-1980),2,2
Bradley Thomas James Wheal,11(2016-),16,5.33
Ben Matthew Wheeler,6(2015-2015),58,N/A
Roger K Whelan,2(2007-2007),5,2.5
John J Whitaker,2(1987-1987),48,48
Andrew R White,61(2006-2014),776,18.05
Craig White,51(1994-2003),568,15.78
Cameron L White,91(2005-),2072,33.97
David J White,3(1990-1990),37,12.33
Michael R Whitney,38(1983-1993),40,6.67
Andrew Richard Whittall,63(1996-2000),168,7.64
Guy J Whittall,147(1993-2003),2705,22.54
Stuart Gordon Whittingham,4(2017-),6,6
Ranasinghe P A H Wickramaratne,3(1993-1993),4,2
Gallage Pramodya Wickramasinghe,134(1990-2002),344,8.6
Anguppulige Gamini Dayantha Wickremasinghe,4(1992-1993),2,2
Julien M Wiener,7(1979-1980),140,20
David Wiese,6(2015-2016),103,20.6
Kapila I W Wijegunawardene,26(1988-1992),20,2.86
Roger G C E Wijesuriya,8(1982-1985),18,18
David J Willey,42(2015-),246,18.92
Peter Willey,26(1977-1986),538,23.39
Brad A Williams,25(2002-2004),27,13.5
David Williams,36(1988-1997),147,9.19
Henry S Williams,7(1999-2000),8,8
Kesrick Omari Kenal Williams,8(2017-),19,19
Laurie R Williams,15(1996-2001),124,11.27
Stuart C Williams,57(1994-1999),1586,32.37
Sean C Williams,122(2005-),3395,33.28
John Greig Williamson,2(1999-1999),11,5.5
Kane S Williamson,139(2010-),5555,45.91
Robert George Dylan Willis,64(1973-1984),83,10.38
Charl M Willoughby,3(2000-2003),0,0
Gary Craig Wilson,99(2007-),1974,24.07
Jeffrey W Wilson,6(1993-2005),103,20.6
Paul Wilson,11(1997-1998),4,1.33
Paul J Wiseman,15(1998-2003),45,22.5
Craig B Wishart,90(1996-2005),1719,23.23
Warren A Wisneski,3(2000-2000),10,10
Christopher Roger Woakes,84(2011-),1039,26.64
Barry Wood,13(1972-1982),314,31.4
Graeme M Wood,83(1978-1989),2219,33.62
Mark A Wood,40(2015-),45,9
Ashley J Woodcock,1(1974-1974),53,53
Luke J Woodcock,4(2011-2011),14,14
Roger D Woolley,4(1983-1983),31,31
Robert A Woolmer,6(1972-1976),21,5.25
George H Worker,10(2015-),272,34
Daniel J Worrall,3(2016-),6,N/A
Craig M Wright,20(2006-2009),240,16
John G Wright,149(1978-1992),3891,26.47
Kevin J Wright,5(1979-1979),29,14.5
Luke J Wright,50(2007-2014),707,20.2
Mandy Yachad,1(1991-1991),31,31
Jayant Yadav,1(2016-),1,N/A
Jai P Yadav,12(2002-2005),81,20.25
Nandlal S Yadav,7(1986-1987),1,N/A
Umeshkumar Tilak Yadav,75(2010-),79,7.9
Vijay Yadav,19(1992-1994),118,11.8
Graham N Yallop,30(1978-1984),823,39.19
Yamin Ahmadzai,3(2015-),3,3
Bruce Yardley,7(1978-1983),58,14.5
Michael H Yardy,28(2006-2011),326,20.38
Yashpal Sharma,42(1978-1985),883,28.48
Yasir Arafat,11(2000-2009),74,14.8
Yasir Hameed,56(2003-2007),2028,36.87
Yasir Shah,19(2011-),102,17
Yograj Singh,6(1980-1981),1,0.5
Tinu Yohannan,3(2002-2002),7,N/A
Bryan A Young,74(1990-1999),1668,24.53
Bradley E Young,6(1998-1999),31,15.5
Craig Alexander Young,13(2014-),20,5
Mohammad Younis Ahmed,2(1987-1987),84,42
Younis Khan,265(2000-2015),7249,31.25
Yunus Badat,2(1975-1975),1,0.5
Yuvraj Singh,304(2000-),8701,36.56
Zafar Gohar,1(2015-2015),15,15
Zafar Iqbal,8(1995-1995),48,8
Syed Zaheer Abbas Kirmani,62(1974-1985),2572,47.63
Zaheer Maqsood,2(2015-2015),13,N/A
Zahid Ahmed,2(1987-1987),3,3
Zahid Fazal,19(1990-1994),348,23.2
Zahid Hussain,2(2011-2011),9,9
Zahid Razzak,3(1988-1990),14,4.67
Zahid Shah,2(2008-2008),11,N/A
Zahoor Elahi,14(1996-1997),297,22.85
Zahoor Khan,12(2017-),33,6.6
Zain Abbas,1(2008-2008),26,N/A
Zakir Hasan,2(1997-1998),0,0
Zakir Khan,17(1984-1990),27,27
Zakiullah Zaki,1(2012-2012),3,N/A
Zameer Zahir,1(2009-2009),3,N/A
Adam Zampa,35(2016-),97,7.46
Zeeshan Siddiqi,2(2012-2014),50,25
Andris K Zesers,2(1987-1987),10,N/A
Cephas Zhuwawo,9(2008-),154,17.11
Ziaur Rahman,13(2013-2014),124,11.27
Timothy J Zoehrer,22(1986-1994),130,10.83
Monde Zondeki,13(2002-2008),4,4
Khayelihle Zondo,5(2018-),142,35.5
Demuni Nuwan Tharanga Zoysa,95(1997-2007),343,13.19
Bastiaan Zuiderent,57(1996-2011),1098,23.87
Zulfiqar Ali,3(1975-1975),39,19.5
Zulfiqar Babar,5(2014-2015),35,17.5
Zulqarnain Haider,4(2010-2010),48,24
Zulquarnain,16(1985-1989),18,6
